time,throttle,brake,gear,speed
0.0,0.19868566120449307,0.0,2,0.8207880478150466
0.1,0.0,0.0,1,0.17063090860183458
0.2,0.26147540884028214,0.0,1,-0.11923909558107262
0.30000000000000004,0.6128119209632491,0.0,1,0.33751800766497736
0.4,0.0,0.146565816364349,3,0.7184783323613622
0.5,0.0,0.0,1,0.7331548069001355
0.6000000000000001,0.6388849534042007,0.2096965302101185,2,0.026969910132771557
0.7000000000000001,0.3153736172638526,0.09755496421686764,4,0.2640319659899666
0.8,0.0,0.0,2,-0.24070396124312385
0.9,0.22782343424383364,0.0,4,0.4506641643993359
1.0,0.0,0.31966436152820665,4,0.5627143181228628
1.1,0.0,0.14670956270117316,2,0.05974435755555785
1.2000000000000002,0.11118352626622623,0.0017567309796295634,4,-0.14558408564855507
1.3,0.0,0.0,4,0.1626703523721295
1.4000000000000001,0.0,0.015321814090331924,2,0.1747614413638923
1.5,0.0,0.0,2,0.07386682918769465
1.6,0.0,0.0,3,0.10313816461157113
1.7000000000000002,0.14609500286528043,0.4084355821069462,5,-0.05214445514081128
1.8,0.0,0.031064999839880293,3,0.2987864784679218
1.9000000000000001,0.0,0.07962945302450743,1,0.22086823354953808
2.0,0.6102531080806022,0.0,3,-0.24068622342496898
2.1,0.0,0.0,2,-0.24893252300241675
2.2,0.05340276429971265,0.0,3,-0.017320817553579185
2.3000000000000003,0.0,0.0,4,0.2800425705459866
2.4000000000000004,0.0,0.4554172996106609,3,0.04441722416724439
2.5,0.07435653744635343,0.0,4,-0.18798802054037303
2.6,0.0,0.0,4,0.08341268098995148
2.7,0.18266346323393454,0.0,3,-0.07804930212123931
2.8000000000000003,0.0,0.2576151449704755,1,0.2641459380672394
2.9000000000000004,0.0,0.0029017998525308272,4,0.09991753052011422
3.0,0.0,0.0,5,-0.09458345623564314
3.1,0.77808744558382,0.25086767215146794,1,0.1933230597191345
3.2,0.03297490107301201,0.14620012535709628,3,0.47257924584071087
3.3000000000000003,0.0,0.10768699144329048,2,-0.1287199888027302
3.4000000000000004,0.3697865289101432,0.1431468482341681,4,0.13990290990243276
3.5,0.0,0.4788723801164902,4,-0.02113810213979874
3.6,0.12670812287529631,0.4370189790072225,1,0.12809510515862987
3.7,0.0,0.0,4,-0.19636948247871905
3.8000000000000003,0.0,0.32477699856223047,1,0.033100629947812744
3.9000000000000004,0.1254970535814303,0.07663363795178008,4,0.33234698472504026
4.0,0.3433354483796678,0.09981916322754988,3,-0.2811020943738322
4.1000000000000005,0.11769219421001297,0.0,2,-0.38312923843618946
4.2,0.004081437551788275,0.0,1,-0.3706559986909023
4.3,0.0,0.0,1,-0.3344180944121424
4.4,0.0,0.16561176297866187,3,0.17859698636779925
4.5,0.0,0.21421610008056102,3,-0.4217579057596396
4.6000000000000005,0.0,0.0,1,-0.08936860342305922
4.7,0.4791658687750484,0.0,1,0.313264355999892
4.800000000000001,0.19495888298707478,0.22437230095885044,1,0.22997320333659693
4.9,0.0,0.0,4,-0.010692443906913068
5.0,0.1895336377460149,0.1458127290004729,4,0.1262834673688075
5.1000000000000005,0.0,0.07023309352541682,1,0.07773881400171836
5.2,0.0,0.06833204639052527,3,-0.044454464731220715
5.300000000000001,0.3081514808297285,0.0,1,0.04174112345085809
5.4,0.4770739112443849,0.0,5,0.8010634762452578
5.5,0.4383790281487843,0.0,5,0.39660836888062345
5.6000000000000005,0.0,0.14187050289106345,3,0.8507197005973902
5.7,0.0,0.003891651103776624,5,-0.04386197364599667
5.800000000000001,0.20194938794486927,0.0,4,0.09320004347545977
5.9,0.46085386199891654,0.0,4,-0.25022441677068674
6.0,0.0,0.0,3,-0.09345720406710925
6.1000000000000005,0.0,0.2093823588976279,2,0.6501921852764613
6.2,0.0,0.0,2,-0.07699218150818658
6.300000000000001,0.0,0.0,2,0.655402360254767
6.4,0.40160078548936845,0.14873035510803465,3,-0.30726978066194643
6.5,0.6202764970001461,0.0,1,-0.08489483900744663
6.6000000000000005,0.050166154857972475,0.0062791731065552905,2,0.13337112804689402
6.7,0.48157276468449617,0.32151566127990217,3,0.15224891315910036
6.800000000000001,0.22600309694600532,0.0,2,0.4784331971184787
6.9,0.0,0.05783673462374507,3,0.3174583567564749
7.0,0.22828411098990747,0.0,5,0.06950709857255122
7.1000000000000005,0.7001285863245303,0.0,4,0.20108136667905008
7.2,0.0717712953900371,0.12190520904172025,3,0.11110059387577849
7.300000000000001,0.7131465802487659,0.0,3,-0.004186756171559447
7.4,0.0,0.04016901862314192,3,-0.009570747041520888
7.5,0.41842388123424906,0.02015821452896126,1,0.6700421911366509
7.6000000000000005,0.12566805195623543,0.008257491117487878,4,-0.18114987219934298
7.7,0.0,0.20743177973164864,2,0.7833604107764174
7.800000000000001,0.12992513069452447,0.0668877029697043,1,0.20760343796221775
7.9,0.0,0.29561437967128884,4,-0.019791059606453415
8.0,0.007722168833542806,0.0,1,0.43594759608533207
8.1,0.23962043334173105,0.027184913443669596,2,0.6824715602557507
8.200000000000001,0.6891171163006339,0.01689335727798948,1,0.7503285654194016
8.3,0.0,0.0,1,0.5655907729252142
8.4,0.0,0.19125900041826924,1,0.6773375301384819
8.5,0.0,0.4649346611705636,1,-0.31865164277163566
8.6,0.4688527544340999,0.0,3,0.08142344628701514
8.700000000000001,0.23537443836272415,0.10100421765475337,4,-0.05335606072859678
8.8,0.0,0.016903695163065446,2,0.5817509791030545
8.9,0.3115438908211495,0.0,4,0.1200845665174636
9.0,0.14624876379471066,0.0,2,0.508248594985057
9.1,0.4960561370775046,0.0,2,0.4815231458333463
9.200000000000001,0.0,0.0,1,0.06207178723248313
9.3,0.0,0.3408204156118236,3,0.03106740490963411
9.4,0.0,0.0,2,0.5952992596666322
9.5,0.0,0.0,3,-0.025491757655322966
9.600000000000001,0.23294162547766983,0.17783076495756117,4,0.20086492459051367
9.700000000000001,0.2200933432158283,0.0,3,-0.05179446125874099
9.8,0.11889387400810685,0.0,3,0.09934989873913294
9.9,0.02419042761450388,0.013614453849724206,5,0.17643817741753087
10.0,0.0,0.2057537982846961,2,-0.11315856436871725
10.100000000000001,0.0,0.10033700903375764,2,-0.19987868312541787
10.200000000000001,0.0,0.049665028503176445,4,0.15758222843624214
10.3,0.0,0.01562354704720327,3,-0.1869289539230935
10.4,0.059387768774215255,0.08004717110535503,1,-0.18755074434340174
10.5,0.28669628263347513,0.04033058102585093,2,-0.2012868427946344
10.600000000000001,0.8807236865553199,0.0,3,0.1353430983306659
10.700000000000001,0.1972533323701553,0.009215844326630269,2,0.4650539613573962
10.8,0.2316147350041783,0.0,1,0.695665285059136
10.9,0.09998806950811541,0.016216508580164744,5,0.02585719549804108
11.0,0.0,0.0,4,0.8887245930159826
11.100000000000001,0.12150303795185335,0.5078763245565723,3,-0.21627320760717134
11.200000000000001,0.15737095795679285,0.0,3,0.4241911825642577
11.3,1.0,0.0,4,-0.05071585359527772
11.4,0.05867345574065347,0.0,1,-0.07983822988419362
11.5,0.25740545105455803,0.10387174912757763,2,-0.04229198782086027
11.600000000000001,0.12406993156115219,0.33467278923050475,3,0.06487069132734954
11.700000000000001,0.0,0.0,4,0.2545965139259556
11.8,0.5974183557681166,0.0,1,0.4408766969197475
11.9,0.4422288988951816,0.16336740228619626,5,-0.0741507064866348
12.0,0.4590343546734995,0.0,3,-0.04705086664774927
12.100000000000001,0.0,0.0,2,-0.02514602010440853
12.200000000000001,0.7060693641827218,0.0,2,0.3105805173932522
12.3,0.0,0.0,1,0.28093763254348764
12.4,0.3820222220572468,0.13783289141486713,4,0.03845300190756523
12.5,1.0,0.0,5,0.45771784942162197
12.600000000000001,0.0,0.0,2,1.0556043542434144
12.700000000000001,0.0,0.0,5,0.22541604378115235
12.8,0.19178831342271385,0.02991959150375761,4,0.24958679700181896
12.9,0.0,0.019565434941584536,3,0.5410139281081348
13.0,0.0,0.08720115504451596,3,0.17640054788520285
13.100000000000001,0.18283287976179413,0.16876790192834745,2,0.5128540047455714
13.200000000000001,0.0,0.07852682313019357,3,0.07042416162180476
13.3,0.3471615099750329,0.09071710470184365,1,0.8979584788657207
13.4,0.0,0.0,3,0.45175250002608425
13.5,0.7800126240203147,0.010045539833136089,1,0.36696538834742065
13.600000000000001,0.0,0.09590150960032173,4,0.34439107009173586
13.700000000000001,0.033526019204988766,0.14578823891409007,4,0.3204918517193106
13.8,0.48891242267979573,0.0,2,0.9516401945567721
13.9,0.0,0.0,2,0.15918377585660776
14.0,0.25679736298012,0.0,3,0.36224679286210304
14.100000000000001,0.6898234249819005,0.10728277997826868,3,0.41968108493566003
14.200000000000001,0.0,0.20677621098484172,2,0.5145400779548325
14.3,0.24312372673849805,0.0,3,0.45951880629310377
14.4,0.2743742177356947,0.1815924627254098,2,0.06952953235399101
14.5,0.4843004837738254,0.024695961832918844,1,0.5178601851749062
14.600000000000001,0.0,0.0,1,0.6079331069459105
14.700000000000001,0.0,0.0,1,0.44936028326148386
14.8,0.38379453028870936,0.14932227292043143,4,0.8196258136656599
14.9,0.29495923564326665,0.06511556335741402,5,0.8834336350990342
15.0,0.27750926413515437,0.4551650855295275,2,0.4693667605154905
15.100000000000001,0.31703745619414603,0.0,3,0.5902211711270429
15.200000000000001,0.0,0.10362034040599516,1,-0.1618040096477813
15.3,0.27364960197816923,0.0,3,0.3845013174863626
15.4,0.2991210055933008,0.0,1,0.8920386912314949
15.5,0.0,0.0,3,0.4635537677022856
15.600000000000001,0.9304874197757231,0.027470495881407205,5,0.40986796263883396
15.700000000000001,0.37485248042407426,0.5836347110120185,1,1.219760405789092
15.8,0.0,0.0,4,1.082170745676373
15.9,0.45022192060114485,0.0,1,0.7967731019675901
16.0,0.0,0.05460214349887715,2,0.9799639026484013
16.1,0.5047124821292153,0.0,1,0.10509139753052033
16.2,0.6544548169834506,0.0,2,0.6238544899289639
16.3,0.0,0.0032050564590320853,1,0.7180484254786372
16.400000000000002,0.578640629827745,0.15892007658904228,2,0.8124047401115236
16.5,0.35953818781152036,0.1947244498855694,2,0.7192291977043371
16.6,0.5243847422386129,0.0,2,0.1711064752629553
16.7,0.9554119502638396,0.0,3,1.1368285604050776
16.8,0.09967280298378947,0.0,5,1.1894110564387206
16.900000000000002,0.0,0.0,2,1.5068619845599478
17.0,0.0,0.06197895587612691,1,0.7691174458041462
17.1,0.0,0.0,2,0.7445397045282623
17.2,0.17151257594658204,0.0,4,0.21300590535388053
17.3,0.33994333999379384,0.0,3,0.9591263210568919
17.400000000000002,0.31528734622412785,0.10993663725805194,3,1.3088865079215601
17.5,0.5366119840876804,0.3602860198532976,1,0.8780007941154235
17.6,0.21206627625112068,0.0,2,1.7328160624041993
17.7,0.7894051579277694,0.0,2,1.1180328511367086
17.8,0.10325396936871424,0.0,5,1.2445854004168826
17.900000000000002,1.0,0.003139559191551676,4,0.8571461929158981
18.0,0.4616314790710565,0.04373186135145952,1,1.460733464984405
18.1,0.0,0.0,3,0.7807311150201489
18.2,0.0,0.0,2,1.5825961343879917
18.3,0.407718909861928,0.0735020821081205,2,1.6216367248053931
18.400000000000002,0.12646491904139764,0.2080861785289678,4,1.751122563252077
18.5,0.5025694568158139,0.0,3,1.0819788638752015
18.6,0.40738266713888693,0.0,2,1.4904147061486963
18.7,0.19007353802703322,0.04276175878821268,2,1.622435882376751
18.8,0.0,0.0,4,1.5859303488976026
18.900000000000002,0.0,0.34623392635345995,3,1.0781997117050972
19.0,0.04394630082098114,0.0,3,0.6240630853738717
19.1,0.5662257510925239,0.0,2,1.5212041071529372
19.200000000000003,0.31041678806592665,0.11120441936845815,2,1.3756440379006685
19.3,0.0,0.0,5,1.2513496624761642
19.400000000000002,0.29627507305652195,0.0,3,1.676826913113528
19.5,0.38224000096543154,0.0,2,1.4850880683637229
19.6,0.0,0.20588811118540812,3,1.0341281354490734
19.700000000000003,0.29182104237439294,0.0,4,0.8698620830910154
19.8,0.25472208306721816,0.0,2,1.1445269247896817
19.900000000000002,0.0,0.18513444190054434,1,2.1393611802985504
20.0,0.3767659495245036,0.0,3,1.6717377257895212
20.1,0.4590696210865839,0.0,3,1.5522494274596494
20.200000000000003,0.6690801739405716,0.029891217932661907,4,1.4757613293227303
20.3,0.6584834201772004,0.15415004192375747,4,1.448507316716188
20.400000000000002,0.0,0.4763427063465092,2,1.7140536261626547
20.5,0.0,0.1654472215314846,1,1.1615273502790455
20.6,0.44627976959676696,0.23196799327766887,5,1.4282245814941517
20.700000000000003,0.44687914793850536,0.0,2,1.2101703511099362
20.8,0.4484819814976112,0.0,3,1.9365739175375813
20.900000000000002,1.0,0.012466269923824594,3,1.6619078046532634
21.0,0.4730124761130089,0.021433983051919243,3,1.847745000233137
21.1,0.6999777445935049,0.0,2,1.3920390340432216
21.200000000000003,0.628446427598443,0.0,4,1.92664682075776
21.3,0.5084954690208184,0.07986352034382618,4,1.5226560402525229
21.400000000000002,0.12292352518415467,0.07207867900361606,3,1.636284283625173
21.5,0.5537101696548334,0.10085757067685451,3,2.1093327920967484
21.6,0.0,0.05819294602748859,1,1.2865324196442833
21.700000000000003,0.15757454976618282,0.0,1,1.7023045660121974
21.8,0.05924481719993013,0.0,2,1.780573661883312
21.900000000000002,0.28722712239487835,0.0,2,1.8434123264912277
22.0,1.0,0.356955007837019,5,1.4864632514508875
22.1,0.0,0.0026900729238586015,4,2.2466250339779914
22.200000000000003,0.5322371088840208,0.0,3,1.2795201646058036
22.3,0.0,0.0,3,2.105605992704823
22.400000000000002,0.07112551639003209,0.5871315804655557,1,1.8556569854726341
22.5,0.6965595592536846,0.0,5,2.098506349373324
22.6,0.28777134194892195,0.0,2,1.0900912707851937
22.700000000000003,0.0,0.0831673672572121,1,1.27813514396665
22.8,0.0,0.12004259314885556,3,1.9463027960614405
22.900000000000002,0.5371321687354427,0.1915864110431368,4,0.9075068880513351
23.0,0.0,0.36152170155385266,4,0.8681275922681029
23.1,0.3540270295547398,0.10123153109214247,1,1.264197406991447
23.200000000000003,0.2867459894520951,0.0,4,1.4873618245832927
23.3,0.008949700148206563,0.0,2,1.9085808933279975
23.400000000000002,1.0,0.061566474502777,1,1.6214344249743777
23.5,0.5252993801546455,0.4136452083011648,4,1.391620680242708
23.6,0.0,0.0,4,1.6674565469424885
23.700000000000003,0.34845108146957704,0.2405153010450455,3,1.6656673175923389
23.8,0.010221920742540025,0.03598287390928336,3,1.6460250435647206
23.900000000000002,0.6169758919108141,0.16756610704589614,4,1.4454847138654383
24.0,0.0,0.0,4,0.912306813691784
24.1,0.23223676780104352,0.0,4,1.2389823770035309
24.200000000000003,0.4811889825178927,0.1501745558802664,3,1.9330137505822707
24.3,0.6265577583557538,0.13088620542112425,5,1.5527923403331623
24.400000000000002,0.0,0.1944113931479444,5,1.335063438269584
24.5,0.14857503856631543,0.0,1,1.8068469131454588
24.6,0.09345564241190082,0.0,4,1.1385455482627935
24.700000000000003,0.023159174085697343,0.0,3,1.4119881152343856
24.8,0.9917285255034306,0.16387465362788128,2,1.5984789596168927
24.900000000000002,0.44859433386424696,0.08477789648879722,3,1.4363022127729153
25.0,0.0,0.0,1,1.5988918121100504
25.1,0.6558526250461802,0.0,3,1.5706003019202888
25.200000000000003,1.0,0.0,4,1.2737157679453135
25.3,0.7037955278697532,0.0,2,1.8417402664428455
25.400000000000002,0.0,0.0,2,1.388723216580672
25.5,0.09921271898324391,0.0,5,1.8421364939281113
25.6,0.800717514702872,0.0,2,2.311386497412169
25.700000000000003,0.011930799867360897,0.0,2,1.8163526202022533
25.8,0.47357070846606375,0.0,2,1.6122803347100658
25.900000000000002,0.6069397255006521,0.4045180461138963,3,1.8446575128959035
26.0,0.0,0.25050814620584616,3,1.549584187440732
26.1,0.27535872634691333,0.0,4,1.9958164123824325
26.200000000000003,0.0,0.05448427933072201,3,1.754835193173245
26.3,0.0,0.08349301796425906,4,2.2842607259252192
26.400000000000002,0.2012567697314646,0.23821717095469538,3,2.0586454603086524
26.5,0.0,0.0,2,1.6637620678031677
26.6,0.9573192874501273,0.21842135679648522,3,1.9365945104720492
26.700000000000003,0.0,0.0,4,1.6038776144200615
26.8,0.13040283711766282,0.0,3,1.7435637177536012
26.900000000000002,0.35974795921185027,0.14482731186289946,1,1.6725393137826248
27.0,0.8849909106183141,0.25815168482448564,1,2.160785709010151
27.1,0.0,0.517581794706137,2,2.1881386047115394
27.200000000000003,0.7758031233503243,0.0,2,2.101211050108404
27.3,0.31565699947408643,0.13978393701615777,3,2.1195873894696957
27.400000000000002,0.0,0.0,1,2.1198439779054974
27.5,0.49845372706370383,0.15667174210480628,4,1.9892446012198195
27.6,0.3942586171077699,0.0,2,1.5345788271687475
27.700000000000003,0.07556913099631418,0.0,2,2.3966569056758953
27.8,0.34459659621418337,0.0,3,2.4582435944211563
27.900000000000002,0.1635689371291889,0.015792809133616904,2,1.8632229962065288
28.0,0.36411865685302924,0.0,4,1.8463723360831255
28.1,0.5845800565931357,0.13181086878268394,1,2.253174513328585
28.200000000000003,0.9551493023643243,0.2053789236515829,2,2.293497104386782
28.3,0.0,0.11991550824907116,4,2.027600968602002
28.400000000000002,1.0,0.3237575279321736,3,1.6940537811278928
28.5,0.0,0.0831653258910686,2,2.1329587314035736
28.6,0.26407482416457967,0.0,2,2.241800422694846
28.700000000000003,0.5611240785560593,0.272675302707668,4,2.240540335372025
28.8,0.4392009736513082,0.0,5,2.150918585090081
28.900000000000002,0.07873014200765344,0.182083699937114,4,1.9092610031407726
29.0,0.24556546193221396,0.31474684331102126,2,2.2165380739483185
29.1,0.13261708509381423,0.09133760214607983,5,1.9146405481253261
29.200000000000003,0.09507333379249,0.0,1,1.7806853842412271
29.3,0.6716605297149068,0.0,1,2.044997092032329
29.400000000000002,0.4756250123505165,0.26454889337702714,4,1.5188337588849974
29.5,0.05665277564340854,0.0,1,2.002970318831483
29.6,0.6946530244381335,0.015914706988433166,1,2.444019403159297
29.700000000000003,0.45872800388078905,0.15176488323272186,2,2.3498919910481013
29.8,0.6619468210987072,0.13926457241606469,2,2.745886584339356
29.900000000000002,0.5896459411581007,0.05575996247709214,4,2.231406089906084
30.0,0.007187479668192165,0.0,3,2.457017533880027
30.1,0.11570279246511442,0.0,2,2.5639587588641075
30.200000000000003,0.639681015999707,0.1715797650582686,3,3.028545655405908
30.3,0.5858986824764465,0.11071390621355866,5,2.3633461062679717
30.400000000000002,0.3343755740682103,0.0,4,2.0288371939473224
30.5,0.3906514293838016,0.2164224625986281,2,2.5763009881047685
30.6,0.8557693239006321,0.0,5,2.9271665845963684
30.700000000000003,0.10905632076290073,0.0,4,2.277834616803178
30.8,0.5655039567381741,0.0,1,2.777604453857882
30.900000000000002,0.2667666846099729,0.0,1,2.9649001479077857
31.0,0.26154861503149485,0.0,1,2.9710038907235465
31.1,0.7891077933721914,0.2467448556672386,4,2.673759070584395
31.200000000000003,0.6807381500397152,0.0,1,2.6079313148482894
31.3,0.6769486204259723,0.03769515220362058,3,2.840528390537388
31.400000000000002,0.8747080382900667,0.0,1,3.235572769907896
31.5,0.3618883914184653,0.0,5,3.389555357269457
31.6,0.627236968673426,0.0,2,3.3006964304495092
31.700000000000003,0.23131658508548897,0.0,5,3.0986588872564336
31.8,0.486055914593002,0.0,5,3.4049479748477323
31.900000000000002,0.30529681216828597,0.10805758880713907,1,3.5415291667393283
32.0,0.39711565081452255,0.04465618265107411,3,3.417570434966244
32.1,0.5973418726256946,0.0,1,3.2118896102353904
32.2,0.03295114967526325,0.21683964880870854,5,3.3375456462555517
32.300000000000004,1.0,0.042060608044399074,3,3.7509369263463594
32.4,0.0,0.03967870343549734,1,3.0382027482986826
32.5,0.0,0.0,1,2.8249003064876086
32.6,0.827310766539598,0.0,2,4.015332330213127
32.7,0.6816846121575093,0.04356046794974522,5,3.7378975964018686
32.800000000000004,0.6156191187483094,0.09511768718571649,3,3.789233724168011
32.9,0.6182595891039919,0.0,4,3.3251093479721647
33.0,0.36297140204529443,0.0,2,3.91752512004882
33.1,0.009915616895553703,0.0,1,3.781194007517649
33.2,0.4000849678042328,0.051234121138855615,5,3.2272891170390885
33.300000000000004,0.09984275990666835,0.23866220118542514,1,4.07665062165022
33.4,0.7616981550341004,0.0,5,3.737310381511217
33.5,0.31376863962108037,0.0,2,3.6124255828003866
33.6,0.04333255369399491,0.0,1,3.629112188857332
33.7,0.24591544181363437,0.0,3,3.159502888751508
33.800000000000004,0.5405792083702992,0.0,5,3.9705990760471246
33.9,0.15085215209767072,0.15416044399759424,5,3.8275070373706392
34.0,0.048387656184508576,0.0,1,3.703329378475972
34.1,0.4756830310969118,0.08556287903058064,1,4.243124977632538
34.2,0.47712559420062,0.0,3,3.4865150847576003
34.300000000000004,0.17729099831030554,0.0,3,3.738075488983847
34.4,0.19258072864048772,0.0,4,3.67461613782197
34.5,0.4747422842762353,0.334971934582813,1,3.8605913240123377
34.6,0.0,0.0,5,3.96413894394536
34.7,0.0,0.0,3,4.07257016778504
34.800000000000004,0.09731421524636785,0.0,4,3.8456299191682506
34.9,0.3002331685840409,0.006805917269336198,3,3.710601181751416
35.0,0.5108936385818165,0.12275417115798173,2,4.50647420413672
35.1,0.9775901360743362,0.07509117152545057,5,4.75093047877299
35.2,0.7314269857371434,0.033514021160198075,3,4.123922782261432
35.300000000000004,0.32530165818075696,0.23245191950113342,4,3.797750188342065
35.4,0.3825829636070827,0.0,5,4.487479386195544
35.5,0.0,0.17898211120536506,3,3.5508062817860933
35.6,0.3846042596602009,0.0,3,3.9182497117665043
35.7,0.27745374189580285,0.0,1,3.8834897291557766
35.800000000000004,0.522910733337529,0.0,1,3.883549769698349
35.9,0.06383546822708747,0.0,2,4.155532590922859
36.0,0.6033694088793528,0.0,1,4.1408033071860935
36.1,1.0,0.022820298445303984,2,4.529164813722012
36.2,0.3539279076963208,0.012376670577427043,2,4.576149571136487
36.300000000000004,0.5590148550753,0.0,2,4.455687063840444
36.4,0.6752843687566941,0.0,2,4.620510778439512
36.5,0.23963359224788422,0.0,1,4.725834761744309
36.6,0.49065218216976464,0.2726457950264501,1,5.077511405853491
36.7,0.40694395414147194,0.0,3,4.82570294025133
36.800000000000004,0.4418676300040034,0.0,3,5.1564133967822015
36.9,0.09448186260977542,0.31778806568881657,2,4.9909008988010575
37.0,0.41437681668046406,0.0,3,5.022955078565552
37.1,0.6046574160095434,0.0,4,5.3076580320734275
37.2,0.9867992733319995,0.0,2,4.686549816537004
37.300000000000004,0.7909322659839055,0.0,3,4.950179123228384
37.4,1.0,0.08632632592751947,5,5.6451284168775295
37.5,0.10204423085878067,0.14793509362356674,4,4.9958766801059635
37.6,0.75878871879333,0.5143990634989938,2,4.157690962127427
37.7,0.48407283505014775,0.0,3,4.983832453843072
37.800000000000004,1.0,0.1217471178248834,1,5.310746192994289
37.9,0.0891629235857912,0.0,3,4.492463443952384
38.0,0.07746413019402032,0.0,5,5.681315293364416
38.1,0.17446478481628377,0.0,3,5.081933848280444
38.2,0.0,0.0,5,5.394018162102013
38.300000000000004,0.20565281204697788,0.3369049669206904,2,5.1421752585481135
38.400000000000006,0.11316575096372222,0.16845946540278056,5,4.772767580571136
38.5,0.47783865776689716,0.0046391957114749645,3,4.87848086197194
38.6,0.5552441903544747,0.27020315049740007,1,4.976529080051476
38.7,1.0,0.0,3,5.671054811481678
38.800000000000004,0.8004276231165686,0.0,2,5.407205912285486
38.900000000000006,0.19035224964337916,0.0,1,5.345034319063502
39.0,0.06260178298090291,0.0,4,5.224739045010575
39.1,0.6195875718647108,0.032339705340950584,2,5.935152023924169
39.2,0.0,0.020571715586466817,4,6.008046736443195
39.300000000000004,1.0,0.029868382211976092,2,6.046925154089563
39.400000000000006,0.8971425454997302,0.0,1,6.077780143533832
39.5,0.23854170260868274,0.1606309485228044,5,5.975426332064013
39.6,0.0,0.04792550364779959,2,5.506981090704395
39.7,0.9694467276785276,0.1466108562931997,3,5.834583933105502
39.800000000000004,0.3829221814905075,0.0,3,5.736464425689099
39.900000000000006,0.9247032710082249,0.06229817175955798,3,5.454645514997086
40.0,0.0,0.0,5,6.318643584747529
40.1,0.19149883202503373,0.0,3,5.809035301609383
40.2,0.4341797827658555,0.10687297972727668,2,6.398060609359595
40.300000000000004,0.4517062737278831,0.018218721251182634,4,6.3270647137653295
40.400000000000006,0.25371784931812513,0.0,1,6.296430185793555
40.5,0.683712277561085,0.001254631236883657,3,6.372834741110639
40.6,0.008350661292671702,0.0,5,6.004003585562609
40.7,0.37927182586606434,0.23005347917965924,3,6.702164313868372
40.800000000000004,0.4851649144943157,0.0,4,6.189285706873194
40.900000000000006,0.6436434891819658,0.22370998885106524,3,6.248756532887543
41.0,0.7233334490716934,0.0,4,6.010867330141648
41.1,0.0,0.0,5,5.925419119176306
41.2,0.0,0.0,2,6.347136184754336
41.300000000000004,0.9522063118545531,0.17523478633861508,1,6.46389042072826
41.400000000000006,0.5748736915682792,0.0,3,6.212057104859174
41.5,0.1433642080433562,0.12891908648303538,4,5.983032176965031
41.6,1.0,0.0,2,6.166038805973479
41.7,0.4906448318222322,0.0,1,7.0357800495983955
41.800000000000004,0.9168992648155756,0.0,2,6.614265952811163
41.900000000000006,0.4729914161180737,0.0,5,6.720809798990004
42.0,1.0,0.006780544736467502,3,7.343220160631302
42.1,1.0,0.0,2,6.703788176521418
42.2,0.3487985448189365,0.18519502014292336,1,6.852558724853689
42.300000000000004,0.8378090619985461,0.0,2,6.950668456152895
42.400000000000006,0.7081257421349735,0.0,1,7.854452397945011
42.5,0.9982208660971151,0.13117842755751652,1,8.188354536093517
42.6,0.06558993656302375,0.1927813868151725,5,7.7538170384761695
42.7,0.7267691762686501,0.0,5,7.800915422309698
42.800000000000004,0.8765058490895524,0.0,1,7.624307216649907
42.900000000000006,0.0,0.0,1,8.381314871438144
43.0,0.0,0.0,2,7.876128241183977
43.1,0.0,0.0,3,8.050455915153812
43.2,0.3485050120678887,0.021411490598459353,2,7.8008994277574235
43.300000000000004,0.7440630161731925,0.0,2,7.8500467577950905
43.400000000000006,1.0,0.13758659441028562,2,8.515498648064245
43.5,0.48823527438321307,0.0,4,8.209681091852612
43.6,1.0,0.0,4,8.548461607474518
43.7,0.0,0.23679748863937788,3,8.109310731107504
43.800000000000004,0.0,0.0683650427909933,2,7.754037449106646
43.900000000000006,0.4394587420310702,0.0,5,7.855614077337151
44.0,0.6160695069151044,0.0,5,8.092987766389669
44.1,0.4501290840787154,0.0,1,7.992795939476219
44.2,0.0,0.0,2,7.84707985679026
44.300000000000004,0.429080717936021,0.0,3,8.576456670561992
44.400000000000006,0.0,0.15113316774886293,1,8.000752749470825
44.5,0.7341120680481097,0.0,2,8.302131243883151
44.6,0.6136367083974064,0.0,3,8.402603222228302
44.7,0.09179798888128043,0.35363385861195673,3,8.026124544666798
44.800000000000004,0.26295375893211076,0.06399303822903261,2,8.650104457803176
44.900000000000006,0.045563865564294315,0.0,3,7.882332552251263
45.0,0.4449245068672213,0.0,5,8.31825139292352
45.1,0.8527980654496441,0.022177276565683572,2,8.418464709869216
45.2,0.07719382722366852,0.3409184186594754,3,8.220089717159327
45.300000000000004,0.6738440745374068,0.0,1,8.02553686241494
45.400000000000006,0.260861754652432,0.19520814387118934,1,8.678839144229443
45.5,0.15655311090903257,0.2798972853944686,3,8.559752224470364
45.6,0.43162564683636534,0.0,1,8.247645958869382
45.7,0.06107451110412637,0.0,1,8.677325848452229
45.800000000000004,0.2544434665015641,0.0,1,8.643874888333904
45.900000000000006,0.0,0.0,3,8.145666195794833
46.0,1.0,0.0,4,8.33878565381506
46.1,0.49219242179220135,0.1319299996164741,2,8.956521785235017
46.2,0.1989209144407995,0.21803669420408936,3,8.651281832441255
46.300000000000004,0.5651252833220142,0.0,1,8.538303562077047
46.400000000000006,0.4353223824098484,0.0,3,8.487129461060617
46.5,0.39258412471697723,0.0,2,8.640767294035888
46.6,0.7273550829045057,0.05870750599372811,3,8.705475869817997
46.7,0.7854059985099575,0.04988353753700833,5,8.608624632071171
46.800000000000004,0.2709150374397097,0.0,5,8.352657539500953
46.900000000000006,0.2534988497575921,0.0249504199327869,1,9.27479324170174
47.0,0.374514181382411,0.3030889616704495,4,9.146215028324
47.1,0.0,0.07634683379250186,1,8.445926568450083
47.2,0.0,0.0,5,8.867134045995023
47.300000000000004,1.0,0.0,2,8.687240609329816
47.400000000000006,1.0,0.0,2,9.011063360484949
47.5,0.38843488705107293,0.32734799236612805,1,8.978807640694459
47.6,0.7193691312396607,0.0,1,9.14395939474987
47.7,0.6139414959937661,0.0,4,9.912289068924053
47.800000000000004,1.0,0.0,5,9.230790923375098
47.900000000000006,0.9386556990004045,0.21979667148839296,3,9.128709827647652
48.0,0.4403479043882923,0.39196745094893504,4,9.039241780394946
48.1,0.10998600523534541,0.09012260988627767,4,9.55660837589648
48.2,0.0,0.01655458075708515,2,8.740503636726796
48.300000000000004,0.5749562076469438,0.007356566634846956,1,9.15639706267875
48.400000000000006,0.19171178104166975,0.0,1,9.868474855466399
48.5,0.0,0.1490301728569635,2,9.456048289002537
48.6,0.23697964342868616,0.02683328319916872,2,9.46120374988304
48.7,0.06366498236803791,0.08566841013214505,1,10.029805809993773
48.800000000000004,1.0,0.0,1,9.72885185484894
48.900000000000006,0.8502849018679486,0.0,1,9.66724561016123
49.0,0.4951093657685353,0.0,5,9.819401859661099
49.1,1.0,0.2043245968146078,1,9.75986117124752
49.2,0.5305786095194639,0.0,3,10.52225809416168
49.300000000000004,0.15578104155587658,0.41653206442195956,3,10.190652824636352
49.400000000000006,1.0,0.08617248380300749,3,10.413632140217084
49.5,0.7171796046341757,0.0,1,10.629284952769353
49.6,0.08737454959263596,0.0,2,10.150528411024686
49.7,0.42679295516130583,0.0,1,10.102925055751733
49.800000000000004,0.15333452839934175,0.0,2,10.388980220996483
49.900000000000006,0.0,0.31989418802275793,1,10.03372502917443
50.0,0.8753536098973944,0.1406285084440008,3,10.373712153720147
50.1,1.0,0.10664146357986251,3,10.714921977737172
50.2,0.0,0.03308073205994085,3,10.311527645987168
50.300000000000004,0.7320062743322104,0.0,2,10.502278334546666
50.400000000000006,0.24720283048404273,0.0,2,10.459753599817763
50.5,0.3132489532649305,0.16835615495680256,4,10.691143516064951
50.6,0.2717787533175473,0.0,2,10.283897894804964
50.7,0.16377519643884075,0.0,4,9.833872139513423
50.800000000000004,0.5294132993010321,0.0,4,10.667012117572229
50.900000000000006,0.17825570535310797,0.0,2,10.843505662731518
51.0,0.6194475434815534,0.02711268328294183,2,10.752249881441879
51.1,0.4917965855834867,0.14570372870290724,3,10.419010487862245
51.2,0.4169375792434666,0.12752116244624173,1,10.33685028046056
51.300000000000004,0.15011425173377152,0.051753961048784325,1,10.846050190650846
51.400000000000006,0.2830520503252758,0.23910627761734188,1,10.733481667366929
51.5,0.8165358838434644,0.0,1,10.868604731960692
51.6,0.7153630220065792,0.10091636289547806,3,11.480492995816588
51.7,0.12458874249717011,0.1253076726673885,4,10.61370032111201
51.800000000000004,0.5559563936053704,0.0,2,11.501845412297957
51.900000000000006,0.8173888869062877,0.0,5,11.019896590426772
52.0,0.0,0.0,5,10.457104077321357
52.1,0.7353930423169525,0.0,5,10.990650402550662
52.2,0.25360381861044456,0.1506838927004862,4,11.296336759767215
52.300000000000004,0.7474950718372545,0.0,2,10.99605211798223
52.400000000000006,0.21455214697246633,0.0,1,10.717717853347853
52.5,0.0,0.0,3,11.108140011281922
52.6,0.0,0.22372646683084235,3,10.823111389856104
52.7,0.5408779177255195,0.002608674875390427,4,11.26037725099116
52.800000000000004,0.6261248129271658,0.0,5,11.375611637651946
52.900000000000006,0.16109894643186334,0.0,3,10.838381311292643
53.0,0.7788502729179413,0.25841206686530455,2,10.95857584707713
53.1,0.0,0.0,1,11.394647915500137
53.2,0.4981504725150193,0.2631016581880208,1,10.952480846614273
53.300000000000004,0.0407573170261441,0.04209925978430073,3,10.872395577098091
53.400000000000006,0.26500865811295604,0.0,3,10.864317362996546
53.5,0.5452797710913746,0.5001800995868563,4,11.190476945494522
53.6,0.1827300525017087,0.0,3,11.191234031673998
53.7,0.37364616939294826,0.0,5,10.910572939048539
53.800000000000004,0.9305563893673985,0.0,3,11.19739252857939
53.900000000000006,0.29785128431274766,0.1904923941072339,4,11.607691833940871
54.0,0.8634515289570253,0.3378377867303357,1,10.972323216831747
54.1,0.07785647757885167,0.33398455628092777,4,10.570173743298119
54.2,0.742223306962771,0.24478975062920094,3,11.273943096184745
54.300000000000004,1.0,0.0,1,11.368320508779457
54.400000000000006,0.0,0.0,1,11.185660151027806
54.5,0.2132180464815016,0.0,5,11.602891545428491
54.6,0.7633589176602279,0.40717470703635855,1,11.724096477293724
54.7,0.45186370036957707,0.09379561562969355,3,10.815938212575995
54.800000000000004,0.6820898598073516,0.0,2,11.370776804907361
54.900000000000006,0.2925849569192235,0.2656113777973935,3,12.196427388127562
55.0,0.5693603310260212,0.0,4,11.711329440231161
55.1,0.47299676741438773,0.08132440684453482,2,11.772257980456462
55.2,1.0,0.0,2,12.051773004267925
55.300000000000004,0.6381160645862064,0.1277354279760602,5,11.693559476587556
55.400000000000006,0.6719256079356839,0.0,4,11.96932456606929
55.5,0.3726684249590415,0.0,4,11.967647017842433
55.6,0.34290924040532755,0.015115274534007562,2,11.951677210313651
55.7,0.3654588217265701,0.20977282837507236,2,11.66919933380091
55.800000000000004,0.6967911666981612,0.0,2,11.90737282939508
55.900000000000006,0.37114257427064107,0.15502302431781723,4,11.64931658972681
56.0,0.6559702080644682,0.0,1,12.00161126958835
56.1,1.0,0.0,2,11.777482187122732
56.2,0.8895514612849169,0.0,1,12.124918079612891
56.300000000000004,0.41120957877902653,0.14939616802094197,2,12.279180690447426
56.400000000000006,1.0,0.006298312452399155,4,12.142068774505754
56.5,0.379417164418675,0.13801473526732252,1,12.325554672494928
56.6,0.0,0.21754208523157323,3,12.352046922465979
56.7,0.14043242889602486,0.13832371502427768,5,12.4800043821035
56.800000000000004,0.0,0.05462368685872884,2,12.622636244440862
56.900000000000006,0.4040725006225001,0.0,3,12.231393879073732
57.0,0.5525474493453506,0.0,5,12.797265133127178
57.1,1.0,0.0,5,12.728371919371734
57.2,0.6769489098771263,0.0,2,12.684971585695457
57.300000000000004,0.45903340412789095,0.0,1,12.698895728545555
57.400000000000006,0.8789293167110741,0.0,1,12.979503068151843
57.5,0.0,0.0,4,13.236341009914211
57.6,0.6423932766856469,0.0,4,13.286586576540078
57.7,0.8569804276938324,0.03867589038483182,3,13.379719943782147
57.800000000000004,0.0,0.0,2,12.988040149439144
57.900000000000006,1.0,0.003136447294324869,1,13.404161598135564
58.0,0.6854804282608258,0.38005368486219293,3,13.571244065790232
58.1,0.3844448066551918,0.20461131105044786,3,12.943335184041029
58.2,0.8041486233713238,0.3287083018241059,4,12.975287360053262
58.300000000000004,1.0,0.07822557538654525,2,13.179236839016616
58.400000000000006,0.6247275740556819,0.23350196459728922,2,13.446065752595434
58.5,0.6517385931618158,0.0,2,13.533932535378208
58.6,0.3691730756342834,0.0,2,13.235594095013884
58.7,0.21344455280415925,0.0,2,12.876953357828661
58.800000000000004,0.8859792788190048,0.2372290948084598,1,13.556785720763726
58.900000000000006,0.21187185806991976,0.30806479596397723,2,13.129118837825672
59.0,0.5833901023325692,0.0,1,13.109370260005955
59.1,0.36415662869642096,0.0,1,13.270377561508118
59.2,0.7472653167809905,0.0,4,13.793296408331853
59.300000000000004,0.6895897849843742,0.07653071029549832,2,14.166127027682165
59.400000000000006,0.9715902524608857,0.22498650906064818,3,13.776814329332263
59.5,0.35301482080760116,0.0,4,13.848052268376792
59.6,0.449516283739147,0.08188770612845046,3,14.148113974671386
59.7,0.16640341918627982,0.0,5,13.33472512538663
59.800000000000004,0.3806320174765874,0.022678878393337872,1,14.043995191038627
59.900000000000006,0.7097077013362604,0.0917988003348582,4,13.897064910513032
60.0,0.8620188982384764,0.0,5,14.112211290007401
60.1,0.19079103247824108,0.0,4,13.805921287827745
60.2,0.9079310021326086,0.0,1,13.943548111865848
60.300000000000004,1.0,0.1940632403576563,2,14.295432608247683
60.400000000000006,0.7263188164836365,0.08375199202549932,1,14.909471026584967
60.5,1.0,0.044116707547472156,3,14.742737255980977
60.6,0.2522764215508224,0.0,4,14.344499094651914
60.7,0.06435047296024926,0.0,2,14.098612019870712
60.800000000000004,0.0,0.17973383206783486,3,13.931886275802892
60.900000000000006,1.0,0.007539314624784581,3,14.913265942480352
61.0,0.8252058763330636,0.13190629391782768,2,14.293473359633786
61.1,0.5416369931290692,0.35330236006552673,4,14.396150739711645
61.2,0.676267304240296,0.20772121384176334,4,14.86153068240295
61.300000000000004,0.11449096989347157,0.01863166753994847,1,14.000853467979713
61.400000000000006,1.0,0.0,3,15.017116073447776
61.5,0.6171817539491095,0.0,2,14.571107090588468
61.6,0.6096511530199495,0.0,3,14.352238582955687
61.7,0.8565975751842572,0.0,5,14.663685581700033
61.800000000000004,0.7590900436033059,0.07807323887907514,4,14.541059699595529
61.900000000000006,0.6566331191594654,0.0,2,14.972989488421499
62.0,0.2512806174915986,0.0,2,14.675109283975296
62.1,0.7564463628651902,0.0,2,14.392198991506417
62.2,1.0,0.0,3,14.983633715578595
62.300000000000004,1.0,0.09533020816011151,1,14.87289696433127
62.400000000000006,1.0,0.3431815262265389,3,15.310670710452943
62.5,0.36490450104087757,0.0,1,14.98558258600643
62.6,0.1739260913113721,0.06556221471482467,2,15.191632725625043
62.7,0.5198282201050802,0.19049563139056108,2,15.39360601225615
62.800000000000004,0.5928056412193599,0.0,5,15.301689054172186
62.900000000000006,1.0,0.07336280865708843,4,15.47773143184529
63.0,0.0,0.0,2,15.601627373267064
63.1,1.0,0.17296488769820234,1,15.254115019850683
63.2,0.5087804341180486,0.030280609590346525,3,15.612114583323644
63.300000000000004,0.4015924286950284,0.059690362796287956,2,14.661018952372437
63.400000000000006,0.1678620803156179,0.0,3,15.743759549934687
63.5,0.0,0.141406471922157,4,15.526941747611978
63.6,0.9026831376254223,0.41694258424620323,3,15.25820557209416
63.7,0.6030941879470073,0.0,3,15.696404096566626
63.800000000000004,0.05813244313897448,0.0,3,15.953472067538973
63.900000000000006,0.05643279970725312,0.04632149483361837,5,15.441233934328691
64.0,0.44049563645748363,0.1572812423991633,5,15.266479869382108
64.10000000000001,1.0,0.0,3,15.683162281021527
64.2,0.4716564918262358,0.0,2,15.290646129806694
64.3,0.0,0.271837898832805,3,15.397348439754829
64.4,0.477870115059202,0.15210122391682857,1,16.033726461608087
64.5,0.4674116106245755,0.0,3,15.721970905927648
64.60000000000001,0.0,0.0,3,15.134216372192546
64.7,0.5554435682409234,0.3136364859054652,1,15.197274605252822
64.8,0.4851144786170135,0.2895592836915732,1,15.812559060951846
64.9,0.8562953025258956,0.18772800453578894,3,16.030888295068554
65.0,1.0,0.0,4,15.348244441891302
65.10000000000001,1.0,0.016597483762501995,3,16.04645277442711
65.2,0.4712168054319682,0.0,3,16.347126871792902
65.3,0.1364771313615487,0.22564795665376744,2,16.451936572670554
65.4,1.0,0.0,3,16.068451091983473
65.5,0.6033983445734357,0.0,2,16.196137906420105
65.60000000000001,0.5855909481440227,0.20205491736720316,3,15.383351210910803
65.7,0.5706751368698945,0.0,1,16.799935084577765
65.8,0.6598626950561765,0.27569347109076164,3,15.958540884705803
65.9,0.5231859225002068,0.0,2,15.915353465981626
66.0,0.3517642573188647,0.0,2,16.16013933680557
66.10000000000001,0.3627821314605122,0.0,5,16.703927465148517
66.2,0.5687187216539231,0.001472536284713427,1,17.058373107192548
66.3,0.3647421157911267,0.0,2,16.476479192613496
66.4,0.2972633772307563,0.0,3,16.75894021706772
66.5,0.6252611178293854,0.0,4,16.508380720912527
66.60000000000001,0.4809831454799593,0.13878464663825169,2,16.19614562580597
66.7,1.0,0.14331786795193038,4,16.963588142844493
66.8,0.0,0.0,4,16.328104310689483
66.9,1.0,0.2667771491001146,2,17.01399102037937
67.0,1.0,0.4994830252839708,2,16.90388757261356
67.10000000000001,0.0,0.00920127734726819,2,16.689650871120808
67.2,0.4475600199402057,0.0,4,17.078157923086984
67.3,0.43632737018442413,0.5648661182006093,1,17.121405803250777
67.4,0.02216535809192155,0.0,2,16.396310317517194
67.5,0.27430733965964527,0.004021293373819678,3,16.223515464789404
67.60000000000001,0.14146531349133118,0.03592445452638469,3,15.901688428850601
67.7,1.0,0.2690295240904829,2,17.17225032701728
67.8,0.9604832535173278,0.07194779502535768,3,16.422527551206123
67.9,1.0,0.0,1,17.155763494234847
68.0,0.8753875870784837,0.0,2,16.703562113885447
68.10000000000001,0.1353479657688451,0.0,3,17.39333761546634
68.2,0.37740813266445983,0.0,5,16.73583507271861
68.3,0.7832112797239954,0.00956506395693659,2,16.68346829235446
68.4,0.09885319788747127,0.0,4,16.97882722009443
68.5,0.8731442089081238,0.0,3,16.953263874124332
68.60000000000001,0.4920528411922702,0.25102915767498074,1,17.332976805262756
68.7,0.43849048832082327,0.0,4,17.16162348649964
68.8,0.8730362558327361,0.0,1,17.591867934804384
68.9,0.7665886957481434,0.0,5,17.350673983805688
69.0,0.44472565189578384,0.013674313193531752,4,17.257051379379174
69.10000000000001,1.0,0.0,2,17.408347803688613
69.2,0.15713721107420942,0.06632953342515256,2,18.189143625436664
69.3,0.8361584599112429,0.0,2,17.74811111060633
69.4,0.827244036204178,0.34220576183815754,2,17.07499293880355
69.5,0.4664019131611698,0.10479210241534696,2,17.534654143674725
69.60000000000001,0.7208882927723861,0.0,2,17.809218585288196
69.7,0.09020188657064232,0.0,3,18.33505243241038
69.8,0.9604679954682677,0.0,1,18.33942178228179
69.9,0.5171038404410921,0.12255814831665796,4,17.740982005829135
70.0,0.3821806297854603,0.0,4,18.761557346996447
70.10000000000001,1.0,0.0,3,18.108651685770482
70.2,0.30993555167874703,0.01167405816357913,4,18.501666835037106
70.3,0.028486554665653974,0.0,2,17.778053075783706
70.4,0.0,0.0,1,17.39809870674086
70.5,0.834664041146566,0.0,3,17.76220797606253
70.60000000000001,0.08027926013585296,0.19474524617047356,3,17.144803626088606
70.7,1.0,0.05975955606435238,3,18.815495111265896
70.8,0.0,0.0,4,18.239175808268385
70.9,1.0,0.3797469962710478,5,17.81712681771511
71.0,0.6775980445920793,0.017403296078477314,3,18.277752288877203
71.10000000000001,0.5546848970248687,0.0,4,18.22872282473707
71.2,0.3755792176316636,0.1713474842940917,1,18.394196595379285
71.3,0.7533756344916714,0.0796096433018525,1,18.73806701631043
71.4,0.5788392692925401,0.07891599709684388,4,18.293312039559776
71.5,1.0,0.0,2,18.24246278027948
71.60000000000001,0.6399210053567971,0.09009914475560694,2,18.80273049143701
71.7,0.6545154832474154,0.0,2,18.87502215703175
71.8,0.449112348969483,0.11118829032916844,3,18.659993657018738
71.9,0.5719390613308168,0.0,1,19.42815212751268
72.0,0.7179957164718356,0.0,3,18.69984115360551
72.10000000000001,0.0,0.34443101956163896,1,18.438854968269418
72.2,0.055909097145261155,0.0,1,18.841681794505913
72.3,0.8926394613403709,0.0,2,18.62531857623855
72.4,0.663828175391699,0.0,2,19.057402944867945
72.5,0.5220344600814815,0.0,4,18.686020272201606
72.60000000000001,0.6031447798203569,0.0,1,18.96903919639174
72.7,0.7349449176264825,0.0,1,19.844575575878583
72.8,0.3801470085975365,0.027171884816331378,3,19.172453002192086
72.9,0.284865251597095,0.0,3,19.071853482040627
73.0,0.6746591200860595,0.0,1,19.834665747155544
73.10000000000001,0.20510339800666372,0.00860817417007753,1,19.211876127225327
73.2,0.7598827165349141,0.20456829431015283,5,19.283508753266894
73.3,0.0,0.0,3,19.6562552189699
73.4,1.0,0.0,2,19.89004554266701
73.5,0.7859936028317658,0.0,3,20.036328589215014
73.60000000000001,0.6994860604828408,0.11586935195135516,2,19.492406600611986
73.7,0.9902677289303671,0.28240537570864993,2,19.924983134650272
73.8,1.0,0.0,3,19.686918846673255
73.9,1.0,0.019786757405776744,4,19.696739562577473
74.0,0.0,0.06767148838719193,1,20.208413010328485
74.10000000000001,0.08580533084850828,0.0,4,19.679899559178857
74.2,0.34781390674104873,0.004083433442583626,1,20.011215106427777
74.3,0.6082805872156309,0.0,2,20.047059852155346
74.4,0.8050082132550526,0.0,1,19.885294892619722
74.5,0.3077451259644998,0.0733492815784514,1,20.54525419387566
74.60000000000001,0.6728450110053925,0.0,5,20.45064298364251
74.7,0.2960783937094842,0.04045608152424383,3,19.690728097565408
74.8,0.3537153139648168,0.0,1,20.455386034017646
74.9,0.03574647164414735,0.0,5,20.13332028454561
75.0,0.2292036935180709,0.0,4,20.70076732633789
75.10000000000001,0.05790683730772572,0.0,4,19.933031822471104
75.2,0.20831267163323253,0.27819447160028016,5,20.169238124108265
75.3,1.0,0.0,2,20.509351278134442
75.4,0.21905781957432774,0.0,4,20.422771128205213
75.5,1.0,0.0,3,20.71536169432058
75.60000000000001,0.7962903566771731,0.11408423467215911,4,20.037052060373092
75.7,0.6729669627770686,0.0,4,21.024058578115
75.8,0.255756322071681,0.0,2,20.711138252744274
75.9,0.8792879103558722,0.1706403090103109,4,20.954237137783704
76.0,0.3689709558902402,0.005886118335510437,2,20.846821917527965
76.10000000000001,0.6480897431330217,0.10332888918719346,2,20.623996396321523
76.2,1.0,0.0,1,20.499809452021225
76.3,0.5609741275073271,0.0,5,20.736616277510294
76.4,1.0,0.021441592408026733,2,21.49941368654995
76.5,0.3182301971125306,0.0,3,21.4570349389381
76.60000000000001,0.5855531139438281,0.12528693449078884,2,20.882389913238566
76.7,1.0,0.0,5,20.26664268547546
76.80000000000001,0.3488499782258578,0.04101506784692599,2,21.071659951908146
76.9,1.0,0.0,4,21.106292902616293
77.0,0.8828162725454776,0.37768738792285134,4,21.0410492432754
77.10000000000001,0.3747645383012493,0.0,2,21.31499918657624
77.2,0.8527476955726385,0.1395173940678398,2,21.476946404526416
77.30000000000001,0.9888373319549959,0.0,4,21.56749418788369
77.4,0.8485680898836478,0.061601980443468186,5,21.4191881949717
77.5,0.0,0.0,4,20.735578717762138
77.60000000000001,0.30903914222027745,0.0904135676519342,2,21.17486062306339
77.7,0.5009079127909835,0.0,4,21.992183309689562
77.80000000000001,0.570160950172259,0.0058381007871134896,2,21.47761723232004
77.9,0.8482197158967536,0.1395948060260195,3,21.494825585280555
78.0,0.6710454325112813,0.0,4,21.527306211430002
78.10000000000001,0.06583904405610796,0.0,1,21.551843804582667
78.2,0.7520652834383523,0.0914648562173531,4,20.722150971780234
78.30000000000001,0.8442273967015427,0.4196442949093494,3,21.29058463125024
78.4,0.8239138333408813,0.0,4,21.396266115273363
78.5,1.0,0.1182272235847865,1,22.009563391830806
78.60000000000001,0.9335684271708586,0.0,2,21.753915991500957
78.7,0.7836689526374067,0.38844911895125994,4,21.15833990011836
78.80000000000001,0.5719255919704243,0.0,1,21.923832022284525
78.9,0.0,0.018924208933871603,1,21.537216189193014
79.0,0.7718218755522784,0.0,5,21.444373386136043
79.10000000000001,0.683037418571153,0.0,2,21.640085813335478
79.2,0.7085792345421476,0.05949241062356338,5,22.06082223557618
79.30000000000001,0.089231225503965,0.027899559229491805,1,22.279964601405425
79.4,0.16748859611505135,0.0,2,22.05931316275676
79.5,1.0,0.0,4,22.160462641213503
79.60000000000001,0.5840430647834542,0.6196598868142515,3,21.94783290482044
79.7,0.8724387630610022,0.0,3,21.903723628458845
79.80000000000001,0.6111367929968358,0.10202487225001498,3,22.092512875124605
79.9,0.6116804575386785,0.0,4,21.188363535394497
80.0,0.9750576842153023,0.05904651500812063,2,22.047403438260655
80.10000000000001,0.3932900316466278,0.0,2,21.742699542260347
80.2,0.6381175959877528,0.0,1,22.56483438448854
80.30000000000001,0.4147181333307832,0.36377970644006496,3,22.076891906916906
80.4,0.4257863229291191,0.2354369926368678,2,22.098176176463213
80.5,0.4758701312653785,0.027349329479846137,2,21.68129415375565
80.60000000000001,0.6883442579019851,0.0,3,22.48860075965451
80.7,0.4079406712165772,0.0,1,22.47003576227796
80.80000000000001,1.0,0.5406055128810168,1,22.5247949407455
80.9,0.24148874719417013,0.0,3,22.124605552736316
81.0,0.5245251884177707,0.22064351441073163,2,22.12213516781388
81.10000000000001,0.4233212036784018,0.2883884803905202,4,22.342738366380082
81.2,1.0,0.04379278317119502,3,22.13101459559418
81.30000000000001,0.6777079090935532,0.0,1,22.63990777652658
81.4,1.0,0.0,3,21.93924593158899
81.5,0.004724635411790579,0.1368326417217909,1,22.38602118536872
81.60000000000001,0.7056966902119913,0.0,4,23.10752602252701
81.7,0.9546543058458339,0.03523009037753843,5,22.728651404065523
81.80000000000001,0.6316385918316483,0.0,3,22.692096274282097
81.9,1.0,0.0,3,23.315578218147298
82.0,0.3916484487513553,0.006743810980210649,2,22.058183785502138
82.10000000000001,1.0,0.053718716208859575,2,22.61875358949848
82.2,1.0,0.0,4,22.798510009582657
82.30000000000001,0.4531686975774939,0.23938218975227046,1,23.206212403461763
82.4,0.4200117572776786,0.0,2,23.256170456202717
82.5,1.0,0.0,2,22.85572593825642
82.60000000000001,1.0,0.0,4,23.470181924768347
82.7,0.38878033163852443,0.006875061805292019,2,23.087893325118248
82.80000000000001,0.42974869063330323,0.03211788663435195,5,23.57310235825394
82.9,0.485006257606385,0.2724264807370158,1,22.92685186785044
83.0,0.05983418953621111,0.0,2,23.196110334180393
83.10000000000001,0.23004551769879777,0.0,4,23.089874742060204
83.2,0.19573950190981648,0.0,2,23.56831361521326
83.30000000000001,0.2901639053047209,0.1641107005775794,3,23.0542254265367
83.4,0.5832937099964596,0.03686181281562072,1,23.330089547535113
83.5,0.6907359029007162,0.0,1,23.66743950098298
83.60000000000001,1.0,0.0,1,23.93384351773049
83.7,0.1974659193429063,0.2888824390110175,5,23.93853524614496
83.80000000000001,0.9904116768163314,0.0,3,23.811868613360613
83.9,0.5109599747926954,0.0,4,23.645088659067373
84.0,0.5766404374578724,0.07166890221520066,2,23.70659528776743
84.10000000000001,0.8662217413185436,0.0,3,23.884108355043463
84.2,0.14707077378505634,0.0,3,23.95219559467959
84.30000000000001,0.7489867342041351,0.0,5,23.860949622093926
84.4,0.662464588245728,0.1441993905811271,4,23.89476896942719
84.5,0.7927226962597306,0.0,4,23.474505357772387
84.60000000000001,0.7112657509475955,0.585454018494666,1,24.112191529342528
84.7,1.0,0.0,3,24.043009481717313
84.80000000000001,0.3402073585479164,0.0,3,24.30720116645609
84.9,0.38275352756345726,0.0,5,24.014806915741936
85.0,0.34574267570157535,0.04862693102769782,2,23.510826418760224
85.10000000000001,0.3726522353199243,0.0,2,23.96217765592528
85.2,0.3397300494024253,0.12246644280050241,2,24.001848239839397
85.30000000000001,1.0,0.0,2,24.405680149119455
85.4,1.0,0.0,1,23.815917851282077
85.5,0.3658975649939043,0.0,4,24.46100737880404
85.60000000000001,0.26108615952929526,0.0,3,24.61321203168756
85.7,0.7824245414900772,0.0,4,24.300062112698235
85.80000000000001,0.37279665595517175,0.0,4,24.532946217381333
85.9,0.8466837807591068,0.0,2,24.422521660312544
86.0,0.6745030679433407,0.2486811594374324,3,24.355901599138083
86.10000000000001,0.0,0.24560604192162702,1,24.35749522760454
86.2,1.0,0.0,5,24.307362460912312
86.30000000000001,1.0,0.0,2,24.846162040638617
86.4,0.3474858810764102,0.0,2,24.45396920487814
86.5,0.43733167984603627,0.0,2,24.448904310474493
86.60000000000001,0.7065670370122317,0.0,3,25.299925767158072
86.7,0.7258098047361864,0.0,2,25.14145516132516
86.80000000000001,0.8552486377220494,0.0,2,24.395635059710703
86.9,1.0,0.0,4,24.778040840980243
87.0,0.5206526163037123,0.0,4,25.10157908993242
87.10000000000001,0.27190934982050924,0.04166450172511843,2,25.134969017363623
87.2,0.03929493185243638,0.07207374318097222,3,24.55678921002994
87.30000000000001,0.2984426184141319,0.0,4,25.358065358953567
87.4,0.5773534933162832,0.2542130652014067,1,25.313941748903304
87.5,1.0,0.0,4,25.264207352724192
87.60000000000001,0.3831319726029683,0.0,2,25.564278422008584
87.7,0.6794742362608891,0.07615561427301035,3,25.314457772911044
87.80000000000001,0.5831701007286858,0.0,3,25.35165767725038
87.9,1.0,0.0642582941514776,3,25.738290758214408
88.0,1.0,0.0,4,25.654395564853516
88.10000000000001,0.376718210473445,0.2784911882966135,1,25.06552404142065
88.2,0.3930607157311936,0.13445868160808044,2,25.501848702569283
88.30000000000001,1.0,0.0,3,25.187830587000207
88.4,0.8611275696735965,0.0,4,25.582016367837305
88.5,1.0,0.33445318081950554,2,25.58180621437598
88.60000000000001,0.8214673151150176,0.0,4,25.064740937850164
88.7,0.4439382103982331,0.0,2,25.48856919898779
88.80000000000001,0.823673634099002,0.0,1,25.81044694472086
88.9,1.0,0.0,4,25.65252512354632
89.0,0.9151108365637726,0.0,1,26.107672653980135
89.10000000000001,0.7895771856564232,0.14309861935389706,3,26.263078056824156
89.2,1.0,0.0,1,26.26435248962377
89.30000000000001,1.0,0.0,2,26.45951721936901
89.4,1.0,0.09019252695529538,3,26.851129688300873
89.5,0.8451265082253716,0.20134601424541299,3,26.571159284284658
89.60000000000001,0.5185332070472011,0.0,2,26.543683967740606
89.7,0.6438014582107241,0.21630281725994827,2,26.19478951069417
89.80000000000001,1.0,0.007508368297364292,2,26.799390442622645
89.9,0.25780578384712527,0.21836106781492917,3,26.632164233758814
90.0,0.7317779020760775,0.0,5,26.942250430264703
90.10000000000001,0.4266992426473353,0.0,4,26.584592782959415
90.2,0.5952565496652773,0.0,1,26.169323165347674
90.30000000000001,1.0,0.212028763734254,1,26.38493276233538
90.4,0.6596389495382706,0.0,5,27.135422756433883
90.5,0.6014907927558487,0.0,3,26.78167238534219
90.60000000000001,0.038688236600584625,0.0,3,27.071702151186614
90.7,0.8808443083806088,0.0,4,27.01818084406307
90.80000000000001,0.8402464140325674,0.33426951508749525,2,26.918935362860054
90.9,1.0,0.0,3,27.0134514725353
91.0,0.45835418334707356,0.10114708649455979,5,26.757872030808905
91.10000000000001,0.6688284868886254,0.0,3,27.056634842991865
91.2,0.6806223831294799,0.251523811271872,1,26.968055375116545
91.30000000000001,1.0,0.08121122448561618,1,27.255605067989325
91.4,0.5421448351171385,0.0,2,27.326495301955077
91.5,0.6915652454081143,0.0,4,27.385642580586357
91.60000000000001,0.8228065061888863,0.1595701402764278,2,27.77074109008581
91.7,0.6539805001762695,0.0,1,27.61342020585157
91.80000000000001,0.40045003635833953,0.1291780840551785,5,27.92145353489104
91.9,0.6563437945095417,0.0,1,28.234456556671322
92.0,1.0,0.250456732391328,1,28.196309193924975
92.10000000000001,0.16746336470987516,0.032259908532539024,2,28.095087982445147
92.2,0.6309347286387131,0.12882475357002174,2,28.057332661642903
92.30000000000001,0.2973735965232911,0.016397762764943875,2,28.23639777800378
92.4,1.0,0.0,5,28.040234103391306
92.5,0.0,0.0,4,28.292055458967365
92.60000000000001,0.35286452127096823,0.1344778675222765,3,28.150734653493743
92.7,0.7269838428675636,0.0333311634719688,2,27.92768622548181
92.80000000000001,1.0,0.23619798106113443,3,28.297781919888106
92.9,0.5491237418959398,0.08065491260743435,2,28.086042157214987
93.0,0.3530029591700692,0.0,1,28.104097263733827
93.10000000000001,1.0,0.0,5,28.02952232444015
93.2,0.0,0.020583478104647446,1,28.198394661172305
93.30000000000001,0.0,0.0,1,28.43062447275491
93.4,0.7497012544354505,0.33468837712459704,3,28.33656198516011
93.5,0.37252122037072183,0.08834934727551146,3,28.162752416865544
93.60000000000001,0.16449492558625367,0.24540691940977447,1,28.181897196314168
93.7,0.8559734817336073,0.0,1,28.595045009027007
93.80000000000001,0.6697917481748248,0.24891303207105114,2,28.157899229562204
93.9,0.34627828113904546,0.4462997822055497,3,27.73330821707915
94.0,0.059423957094599356,0.0,2,28.44938977753722
94.10000000000001,0.9201623448221312,0.15428035898075332,2,27.954582918819263
94.2,0.8308912969237614,0.0002219889374586293,3,27.963336742797214
94.30000000000001,0.5307696092162257,0.0,4,27.65003392395327
94.4,1.0,0.09857679437037396,2,28.443800809388726
94.5,0.14165746238831722,0.1667206409674697,1,27.751129519711863
94.60000000000001,0.0,0.0,3,27.995477316087953
94.7,0.29217044010733045,0.2331833040510446,4,28.321786397334055
94.80000000000001,0.5503169967273057,0.0,1,28.491743546593995
94.9,0.6655026440034033,0.0,2,28.1513339305976
95.0,0.4712856294699167,0.027319479117750473,1,28.406026587648658
95.10000000000001,0.708213128436836,0.005077055594454344,1,28.354395981163723
95.2,0.06638384781048545,0.0,3,28.440086533293083
95.30000000000001,1.0,0.1619188871943772,2,28.746375084808566
95.4,0.5333496390220666,0.10617886284318988,4,28.4986491231853
95.5,1.0,0.1716278141868032,3,28.59004839969093
95.60000000000001,0.7025016824729194,0.0,3,28.268818343771656
95.7,0.7477101550857612,0.12051605359566818,2,29.090057734064104
95.80000000000001,0.7925108429848225,0.0,3,28.95600272788647
95.9,0.7432801599515897,0.4107637380173193,1,29.084442772741376
96.0,0.8208763881582125,0.0,4,29.270671858206995
96.10000000000001,1.0,0.42105948589166237,5,28.53116304144091
96.2,0.6415700848265169,0.006977589417881714,1,28.822299462736613
96.30000000000001,0.8461469077522044,0.0,1,28.56915207312543
96.4,0.5262326645919106,0.2736158700977202,1,30.110740679672766
96.5,1.0,0.025180277678991805,3,29.18608310370622
96.60000000000001,0.2907263528248812,0.1702248196760476,3,29.493449560000215
96.7,1.0,0.24477118370851866,4,28.777292094361396
96.80000000000001,0.5443674442122352,0.06759111082900505,4,29.443291911218573
96.9,0.0,0.0,2,29.683532228035325
97.0,0.610810774377636,0.19514267553385004,3,29.07931958000638
97.10000000000001,0.28671417911825464,0.00015110149091910962,3,28.801512636677042
97.2,0.8949558588599605,0.1371715637216838,3,29.078894730978643
97.30000000000001,0.297210209906766,0.0,3,28.46083309552398
97.4,0.3793455576666001,0.08939634340197039,3,29.10331523442187
97.5,0.0,0.0,3,29.342887873690703
97.60000000000001,0.37600796984992746,0.3306619274357061,3,28.991011670768643
97.7,0.0,0.12461746957781904,3,28.857014456072
97.80000000000001,0.0,0.04797154916985932,4,29.06666628463358
97.9,0.8597470064913495,0.09726199867004431,3,29.115776426314397
98.0,0.8694469759332338,0.0,3,28.496021014442167
98.10000000000001,0.7248534851192475,0.3246513381056108,3,28.958919979025097
98.2,0.16742133240483498,0.3982740836833809,2,29.534775813611372
98.30000000000001,0.5346663596045673,0.07858270210964327,2,28.430870405257377
98.4,0.551846783827101,0.31808071371472774,1,28.829148571940696
98.5,0.08947660803782026,0.0,3,29.427489444107827
98.60000000000001,1.0,0.0,3,29.247357026471832
98.7,0.9028301364506378,0.00818494974578457,5,28.789670422541594
98.80000000000001,0.4630276066915796,0.08698820767357973,2,29.020399259632693
98.9,0.5616934621719637,0.0,2,29.014927510171493
99.0,0.6338158963481069,0.10755363807369676,2,28.82183645369833
99.10000000000001,0.0,0.061277896414682814,1,28.98555778173376
99.2,0.45063250971386026,0.0,4,28.935934714267354
99.30000000000001,0.27622681031829877,0.10375860349034426,2,29.038027280627304
99.4,0.14788735627346522,0.17270564850430425,3,28.717318104549197
99.5,0.4356078996503532,0.03429386351807819,3,28.568267579417807
99.60000000000001,1.0,0.2305296206523385,3,28.933033421690393
99.7,0.8034038998422786,0.0,4,29.49563951881741
99.80000000000001,0.3181012453048364,0.09359008442637035,2,28.999063775441897
99.9,0.7751098533522631,0.0,2,28.96036306916746
100.0,1.0,0.0,4,29.334718157782802
100.10000000000001,0.9149314622330288,0.0,4,29.10391613758555
100.2,0.5684274896972739,0.0,1,29.845273393217262
100.30000000000001,0.2852958050076167,0.0,1,29.341473108678827
100.4,0.8228528396145853,0.0,1,29.753855597915503
100.5,0.7004484921638203,0.1674308972662769,2,29.33628761147616
100.60000000000001,0.9006202776155567,0.0,5,29.74298448726179
100.7,0.7960981917153598,0.0,3,29.7266686539541
100.80000000000001,0.9613348704912528,0.22801356929903208,2,29.660615031557818
100.9,0.3269018470058229,0.0,4,29.53004349359948
101.0,1.0,0.0,3,29.559257353744812
101.10000000000001,0.6189935781711233,0.0893073013881423,2,29.869253400030278
101.2,1.0,0.03992208368055656,5,29.99433009463503
101.30000000000001,0.26322777447418794,0.2188359095042951,4,29.693150702250417
101.4,1.0,0.09580062867855178,4,29.833355439970738
101.5,0.617007758075995,0.0,3,29.77176804413123
101.60000000000001,0.27674328661441433,0.4357124347983324,4,29.66698890363774
101.7,0.343221048566487,0.03886669266764665,1,29.637128933889233
101.80000000000001,0.4080992059376964,0.0,3,29.720115236365615
101.9,0.7053651098515982,0.1927850846111142,5,30.478656795059003
102.0,0.7442913857862276,0.04989018918601445,2,29.826564769022514
102.10000000000001,0.30513350764974356,0.07984563858786542,4,29.90153073257304
102.2,0.5243258525206054,0.4984367997201374,3,29.700981884183633
102.30000000000001,1.0,0.0,1,29.738743414177296
102.4,1.0,0.0,4,30.253484668745607
102.5,0.7069468890496381,0.023315702402492762,1,29.939658087581083
102.60000000000001,0.547064460752024,0.21430318711620774,3,30.30148255495293
102.7,0.579319121025198,0.0,1,30.020008428245074
102.80000000000001,0.7761551750575572,0.0,5,29.85431945972946
102.9,0.12107023252228893,0.0,2,30.248690185204413
103.0,0.42667379552024637,0.0,2,29.845182231408092
103.10000000000001,0.0,0.0,1,30.31784811463421
103.2,0.6881816100766208,0.10049993922585804,5,29.78270980313248
103.30000000000001,0.7868015401007933,0.0,4,30.07832757748103
103.4,0.33407727079318217,0.0,4,29.747359491224827
103.5,1.0,0.013867432343069594,3,31.088967842658043
103.60000000000001,0.035896647571976636,0.17250869692303406,3,29.671707140935897
103.7,0.0,0.0,1,30.151423623968768
103.80000000000001,0.6148262780215046,0.16404647966119684,3,30.472049324894304
103.9,0.9433030391229611,0.16346124074766524,2,30.491894923849856
104.0,1.0,0.19081702043132562,5,30.406677095727947
104.10000000000001,0.339740056664892,0.2436960429743373,4,29.978129145896972
104.2,0.9541779761185951,0.4404027849319232,2,30.439753212480856
104.30000000000001,0.5067120450575285,0.0,1,30.4243229765952
104.4,0.4524722145321829,0.021914316015571624,4,30.217462703760322
104.5,0.8743927250620366,0.0,1,30.4397211054727
104.60000000000001,0.7812614332772864,0.00039536895116215517,1,30.464901334487866
104.7,0.0,0.3065746711272624,2,30.161072587220428
104.80000000000001,1.0,0.0,3,30.874242879540873
104.9,1.0,0.0,4,30.943577287113275
105.0,0.2677005393855124,0.2754361873009123,2,30.208653147147423
105.10000000000001,0.6756401825917501,0.20400730138041798,1,30.52010725675786
105.2,0.7143219236829572,0.0,3,30.566779492550925
105.30000000000001,0.620368368613792,0.17088040022414397,4,30.564418958836928
105.4,0.29536374946566746,0.06824316849840666,2,30.590196273724537
105.5,0.2462213506056647,0.3000549218001976,2,30.76783973949696
105.60000000000001,0.5040318966792522,0.014901918765354525,5,30.26170627034683
105.7,0.9827259030611069,0.20512642277451648,5,30.196176987688634
105.80000000000001,0.7304530729401677,0.5284023820985241,5,30.664109952296666
105.9,0.3641439419616257,0.11961983100949325,4,30.119156561129508
106.0,0.8204437731910635,0.00986563315896873,1,30.075004243958137
106.10000000000001,0.0,0.14448939704419592,2,30.240427328553114
106.2,0.9700136586921928,0.0,2,30.39658843019733
106.30000000000001,0.0,0.47759354110494645,2,30.783055608642723
106.4,0.3642659234865584,0.0360142075391963,5,30.581830090709254
106.5,0.06073874622968428,0.0,4,30.633096075981804
106.60000000000001,0.0,0.0,4,30.51526048882807
106.7,0.9716601263683169,0.21944403832128773,1,30.719556641536037
106.80000000000001,0.3196072393057582,0.17343748256554778,5,30.168730402890734
106.9,0.644645554186203,0.0,4,30.338867563604392
107.0,0.4866300274303138,0.11529026902448454,1,30.173098133333397
107.10000000000001,0.6955668257669445,0.0,4,30.43349103271441
107.2,0.5348294681962003,0.036994115014631256,2,30.741007205478322
107.30000000000001,0.0,0.0905512704153389,1,30.526075020076963
107.4,0.9013018267404307,0.3414659619118446,3,30.825611282275744
107.5,0.3046366412145737,0.0,3,30.097063953273654
107.60000000000001,0.0,0.0,1,30.569793530086947
107.7,0.32957553808982754,0.0,2,30.06943358698315
107.80000000000001,1.0,0.0,5,30.50573827422564
107.9,0.8395846141837281,0.26733147155179665,3,30.665288568144845
108.0,0.3593692227040661,0.30972785900480737,4,30.279781628299897
108.10000000000001,0.3584591585490764,0.06404331558976578,2,30.51627414626836
108.2,0.36883839095043613,0.24425898913702962,1,30.060301880176816
108.30000000000001,1.0,0.026791676116047065,2,29.953869051329484
108.4,0.64892096743222,0.0,2,30.686823540526035
108.5,0.6674876547397927,0.0,2,31.112045081006695
108.60000000000001,0.9069066049165448,0.0,1,30.51190917525879
108.7,0.5896291351826233,0.0,3,31.209540643237162
108.80000000000001,0.38981488505871875,0.05285095272146774,2,30.869973699877132
108.9,0.41420810184167534,0.0,4,30.46354053613791
109.0,0.4634218648071988,0.14907214481557515,1,30.578362679428345
109.10000000000001,0.47648583281722734,0.018704699287721942,3,30.938276325226592
109.2,0.781736938226041,0.0,1,31.00025186605467
109.30000000000001,0.5107719057044249,0.0,3,30.75245613407654
109.4,0.7823560529044409,0.014430647364352265,1,30.821240971740767
109.5,0.45631790341204465,0.14764744616323242,5,31.029618692178058
109.60000000000001,0.5193611706016916,0.0,4,31.355523067640767
109.7,0.0,0.01749475073614785,3,31.268732000737074
109.80000000000001,0.8530374303101913,0.046608590305896785,1,31.311360411847748
109.9,0.6243984633254956,0.0,3,31.556683444234448
110.0,0.8843018862356149,0.0,4,31.845915979034263
110.10000000000001,0.0,0.04612216975324289,1,31.615558262790913
110.2,1.0,0.0,3,31.52865219848331
110.30000000000001,0.42713466798420047,0.0699847430498785,4,31.827358288278692
110.4,0.9255306707069323,0.0,4,31.30144981833398
110.5,0.06558026889783597,0.2125707386066433,4,31.434155821469805
110.60000000000001,0.7259353713392818,0.46756554907766,4,31.31267561801383
110.7,0.05874083030840105,0.0,5,30.984051206683453
110.80000000000001,0.22987879713556872,0.10684157247493493,2,31.203237832263486
110.9,1.0,0.0,3,30.77466199831123
111.0,0.4016663230363133,0.20819083475955794,4,31.907154131691836
111.10000000000001,0.5641860144936651,0.0,3,31.081481632449968
111.2,0.8245116305265772,0.09611735168554253,5,31.829490966126258
111.30000000000001,0.6740270605318992,0.0,1,31.52385085636799
111.4,0.5351897314754828,0.0,2,31.732058671990355
111.5,0.6202725343916928,0.0,2,31.477410280188078
111.60000000000001,1.0,0.16447009417915073,2,31.743604044106462
111.7,0.44976685405409766,0.0,2,31.914928675163818
111.80000000000001,0.5525142729237374,0.11039285186636552,4,31.89771975785574
111.9,0.8915948057130265,0.0,1,32.147109238249975
112.0,0.9127999282338455,0.0,4,31.843301742159287
112.10000000000001,0.9446563026578816,0.02955118148002571,3,31.862030406133787
112.2,0.7245890152523857,0.0,2,31.602643564027726
112.30000000000001,0.011145830968420312,0.042073422708177384,2,32.2033678779415
112.4,1.0,0.3060669128708822,3,32.33607363888089
112.5,0.008305760925277517,0.0,4,32.474847400546395
112.60000000000001,0.5871433626961124,0.23436202865476896,4,32.020795147241046
112.7,0.1636222307044175,0.29961952669755687,4,31.5885855644068
112.80000000000001,0.43891876485696274,0.0,5,31.31121138593972
112.9,0.5953187421017567,0.0,3,32.16415674392298
113.0,0.5915944833921847,0.06039218003435294,5,31.302551468298162
113.10000000000001,0.631055865932129,0.0,4,31.75969423119917
113.2,1.0,0.3737206438326005,4,31.715019370568776
113.30000000000001,0.6421676745100918,0.0069615080999664404,1,31.908849961291136
113.4,0.3623217285632252,0.0,5,31.93800167073721
113.5,0.8448478388328953,0.0,3,32.02205661023376
113.60000000000001,0.9342279190742018,0.21798099181816602,4,31.223806024627272
113.7,0.0,0.0,1,31.93103681682584
113.80000000000001,0.6958477572433535,0.008765759892085652,2,31.325879865283863
113.9,0.7365780862480156,0.19116054902249618,2,32.227070018551636
114.0,0.33630302356455627,0.0,2,31.86385200877961
114.10000000000001,1.0,0.0,1,31.628058359712014
114.2,0.3937396004556001,0.0,4,32.0349346341827
114.30000000000001,0.5032063976987455,0.13666490230321837,1,32.174578648996
114.4,0.382959255735437,0.11814886710206517,2,32.692169672116115
114.5,0.45762996486908947,0.0,1,32.49368070801888
114.60000000000001,0.012096865873157503,0.012729812299303554,3,32.512412014720994
114.7,0.0,0.0,2,32.74103758976189
114.80000000000001,1.0,0.0,2,32.46878468853368
114.9,0.10943722382525967,0.05152017147962588,3,32.69390868171121
115.0,0.05086618752350913,0.3784383521666136,3,32.5286974489137
115.10000000000001,0.0,0.0,1,31.9153089614707
115.2,0.1902357906630766,0.0,1,32.77161585123645
115.30000000000001,0.0,0.0,2,31.881332412553913
115.4,1.0,0.1449183557446245,5,32.565393071851354
115.5,0.8473300025727362,0.08969709083928802,2,31.89589614297245
115.60000000000001,0.167333702934801,0.0,3,32.52393597887567
115.7,1.0,0.0,2,33.01315580708727
115.80000000000001,0.8336760762630063,0.01847535832798486,3,32.436163437209345
115.9,0.3102227008490258,0.0,1,32.483342982457415
116.0,0.0,0.028685313371498645,1,32.71120294699431
116.10000000000001,1.0,0.17430487721758683,3,32.43746699836988
116.2,0.0,0.0,2,33.059185868362455
116.30000000000001,0.0,0.0,1,32.54880759427514
116.4,0.8450839470967769,0.3158875783389719,3,32.342400717707726
116.5,1.0,0.0,5,32.30725117814614
116.60000000000001,0.9881128771495201,0.2271895691887644,2,32.222979988881754
116.7,0.6591387774170583,0.0,3,32.35059084179804
116.80000000000001,0.6706465114130906,0.0,5,32.44689580265069
116.9,0.7732789126314394,0.087682539899329,4,32.405524879360335
117.0,0.7346503117561818,0.0,3,32.39706102613622
117.10000000000001,0.5427199078364567,0.026499428699129107,4,33.22884957900199
117.2,0.47108652126390815,0.0,1,32.39312066256688
117.30000000000001,0.4035298523340541,0.0,3,32.759193763372885
117.4,0.12614057749005514,0.06749641494527982,2,32.86444749115665
117.5,0.3146139809277969,0.0,1,32.936827693159785
117.60000000000001,0.0,0.0,2,32.7073349190214
117.7,0.3858582390021702,0.0,1,32.73275550310088
117.80000000000001,0.02891013302717138,0.3182800735525608,3,32.81394874978315
117.9,0.0,0.17534283727722322,3,32.6772118735257
118.0,0.4946041199234971,0.19283117683439574,3,32.4765870839085
118.10000000000001,0.9785947782075075,0.0,1,32.324061113202546
118.2,0.788266223103263,0.0,1,32.8395109611949
118.30000000000001,0.0,0.39058347649790215,3,32.482524845573884
118.4,0.023374712290123667,0.0,5,32.6046003409605
118.5,0.794675118151249,0.0,1,33.003670643605524
118.60000000000001,0.024510688112328538,0.08336031489662278,2,33.05358269974955
118.7,0.3267897180785071,0.2334241576006595,4,33.40091963402003
118.80000000000001,0.6357994836654453,0.0,1,32.85206361374292
118.9,0.027574864974456215,0.25571503358787495,4,33.13902248801091
119.0,0.4561951925925458,0.21659998770337374,3,32.94367276488585
119.10000000000001,0.0,0.0,2,33.21766013699446
119.2,0.17175765392120426,0.0,2,33.00163881132347
119.30000000000001,0.5393448702730934,0.1915074326559535,2,32.51131107182235
119.4,0.0,0.0,2,32.273971043481666
119.5,0.5858718283425435,0.0,4,32.90038298529837
119.60000000000001,0.40094927201627917,0.0,4,32.65223807058591
119.7,0.6289211965653576,0.0,3,32.54961701975067
119.80000000000001,0.49661005993559426,0.0,4,32.47353270312246
119.9,0.9518181416334164,0.0,2,33.005981134490725
120.0,0.4553677093898535,0.0,3,33.42730546115264
120.10000000000001,0.23263000945630813,0.0,3,32.84987286701185
120.2,0.45242392712667745,0.4583822533637372,4,33.003729914374695
120.30000000000001,0.6199352235165079,0.3734924008322702,2,32.73114091622475
120.4,0.4212695155569123,0.0,3,32.38955451977773
120.5,0.4170700325314475,0.31642335026071355,4,32.89622457365593
120.60000000000001,0.11914294621756644,0.0,2,32.3404815411546
120.7,0.13388391985231146,0.025837494666342095,1,32.67969888914968
120.80000000000001,0.0,0.0,3,32.54798061631238
120.9,1.0,0.0,2,33.028950882770545
121.0,0.0,0.19677046872122936,3,32.355095453185264
121.10000000000001,0.11828494402691309,0.02517730611533156,5,32.76494459330214
121.2,0.10718083750778751,0.0,3,32.382532997735815
121.30000000000001,0.7516086369289844,0.0,3,32.525230125613454
121.4,0.27475258269511826,0.0,3,31.589642453771432
121.5,0.8909212800128524,0.0,1,33.52262719460213
121.60000000000001,0.12151863087995929,0.002444709683033893,2,33.05246789199028
121.7,0.5016014114421745,0.0,5,32.660775051137435
121.80000000000001,0.054952231209431324,0.0,3,32.53538848078548
121.9,1.0,0.2740203707220742,1,32.876363877720195
122.0,0.0,0.23985991458431713,2,33.13690176339954
122.10000000000001,0.5102719309382522,0.0,3,32.37644785215114
122.2,0.6389355016930274,0.0,4,32.92104038217655
122.30000000000001,0.5500239490750504,0.3759749098842016,4,33.38287090450024
122.4,0.30946726930090335,0.10415122407174225,2,32.495016037428655
122.5,0.3307305413873317,0.0,5,32.85395387114912
122.60000000000001,0.39925836786628655,0.0,3,33.503327906680056
122.7,0.32200640928258073,0.07877464363294866,3,33.01133449046559
122.80000000000001,0.7654307642829412,0.16586475451657248,3,32.84923456995344
122.9,1.0,0.0,1,33.20714773653065
123.0,0.15502166399440181,0.05824055102760654,5,32.900441778949244
123.10000000000001,0.0,0.0,1,33.387329608358584
123.2,0.3408387708036075,0.0,2,32.89985798936453
123.30000000000001,1.0,0.0,4,32.47530949498661
123.4,0.052808956685373554,0.0,3,32.92704629698388
123.5,1.0,0.19387386048161087,4,32.733164305965644
123.60000000000001,1.0,0.0,3,33.00445069468282
123.7,0.15002305882548894,0.010505273643063253,2,33.0042277860616
123.80000000000001,0.5981084677086921,0.0,5,33.44973154889477
123.9,1.0,0.07208833525855458,1,33.51837002332879
124.0,0.21697345828843217,0.0,4,33.37955652822257
124.10000000000001,0.2862448563281548,0.0,2,33.314202099752954
124.2,0.13405560976780354,0.2665102935330256,4,32.89385083798504
124.30000000000001,0.0,0.18578640270644303,1,32.4716961104754
124.4,0.10511451034491015,0.0,3,33.14593038172989
124.5,0.0,0.09955766188355548,4,33.29379891337984
124.60000000000001,0.3765506314983841,0.10748240056407615,3,32.99724000980742
124.7,0.05397163027044932,0.1284602470022352,4,32.80678801126045
124.80000000000001,0.4545175180662089,0.0,4,33.11371022265672
124.9,0.0,0.2013213082065256,4,32.85905689786552
125.0,0.49143537934815673,0.0,5,33.39292066412837
125.10000000000001,0.6915327812418686,0.0,2,33.326146834586105
125.2,0.0,0.52757635045204,1,33.045151414609954
125.30000000000001,0.5058153512103387,0.06037467614420236,1,33.07648689977157
125.4,0.846293944511604,0.0,2,32.551935521761514
125.5,0.0,0.0,1,33.11473768536379
125.60000000000001,1.0,0.27795282678927113,3,33.00186165544303
125.7,0.519926314082547,0.0,1,33.18646237960958
125.80000000000001,0.06934193191384541,0.0,1,33.147570603315884
125.9,0.32806560164897847,0.0,1,33.199868992902914
126.0,0.5727291547231381,0.2832823583400585,4,33.79473239216548
126.10000000000001,0.37882430568870873,0.15464799733315185,3,32.920530547132415
126.2,0.5629469118234551,0.0,2,33.276194694396736
126.30000000000001,0.0,0.061658412727764206,4,32.81021835913354
126.4,0.41322941048497164,0.0,1,33.27573850314651
126.5,0.0,0.027930737913070165,5,33.28774544457454
126.60000000000001,0.2990296946027696,0.014667348955627331,3,33.11372822400544
126.7,0.0,0.1937539791362706,1,33.41735162768819
126.80000000000001,0.047337684063474494,0.19343562448778992,3,32.56790929706164
126.9,0.8349996508930109,0.09879547644112896,4,32.686762915296484
127.0,0.7760977865069293,0.0,2,32.97712556869116
127.10000000000001,0.5822389857979776,0.14836445887802532,4,33.143904468289556
127.2,0.0,0.0,1,32.91042839502544
127.30000000000001,0.21003629685088104,0.0,2,33.24730155832775
127.4,0.8208447047845253,0.0,1,32.8589213025984
127.5,0.3912969958908119,0.016905396756864907,2,32.73847958822187
127.60000000000001,1.0,0.18204315673294907,2,33.22239821873243
127.7,0.4899425661420983,0.0,5,33.10952056153906
127.80000000000001,0.4084356792670609,0.0,1,33.38103076019794
127.9,0.20696872281305811,0.011348336659363883,2,33.21022380653511
128.0,0.3830296237691887,0.022691208011310478,3,33.11938131044143
128.1,0.2676219622136679,0.03716752578055061,4,33.18081350615807
128.20000000000002,0.6108486879117815,0.18397430319088603,5,33.15968415434415
128.3,0.7092801540042073,0.20378464801797969,4,33.01544708741851
128.4,0.011196146736748347,0.0,5,33.02321617372357
128.5,0.0,0.0,4,32.93972714408869
128.6,0.0,0.0,5,33.29448698862617
128.70000000000002,0.5257587746046386,0.13976313405609528,4,33.06087181532541
128.8,0.0,0.2897640216675431,1,33.55986749520655
128.9,0.0,0.0,2,32.907985784927945
129.0,0.47495238634575837,0.0,3,32.713700186478604
129.1,1.0,0.2933565113797953,2,33.69264598495701
129.20000000000002,0.3150586498713563,0.10111157064300154,2,33.00075584524221
129.3,0.6518644522882858,0.08724714096021102,3,33.17950782160056
129.4,0.3481797480748224,0.0,5,33.0556040540728
129.5,0.2748707437359086,0.1357456138558838,1,33.069866291072564
129.6,0.6810345408580414,0.0,4,33.065993996316976
129.70000000000002,0.19627021902266883,0.0,4,32.564658242142855
129.8,0.41831180184235595,0.0,5,33.00476749535279
129.9,0.43900759278837576,0.0,5,32.497380422441765
130.0,0.042064641635658984,0.0,4,32.82225010314324
130.1,0.7050888784875159,0.0,3,32.696492569377625
130.20000000000002,0.2372579184874274,0.1917632612935345,2,32.96602084465413
130.3,0.003912410894262586,0.2255372589032858,3,32.861152759260555
130.4,0.519781840803881,0.0,4,32.91701418740131
130.5,0.0,0.19569156113331004,4,32.77071584918736
130.6,0.31438156569355574,0.0,4,32.50064810886609
130.70000000000002,0.2984252830492886,0.17139510739655722,1,32.604055654166224
130.8,0.735393678709543,0.0,3,33.00105696563452
130.9,0.4898761120574263,0.005755112816199718,2,33.08584723752014
131.0,0.2889462019490456,0.0,1,32.47560464179062
131.1,0.6250224758413327,0.24242584084669724,2,32.33991025163403
131.20000000000002,0.8529567548188303,0.0,1,32.78562674330667
131.3,0.5189544493087921,0.12156806774700171,4,33.28809290609493
131.4,0.2989267829406292,0.2202660329779101,2,33.282234580971796
131.5,0.0,0.14326801610808212,2,32.56948343889815
131.6,0.0,0.4649397828646835,5,32.761092950473
131.70000000000002,0.16955501984884558,0.0,2,33.21906873015895
131.8,0.046790737509317226,0.19146096451870626,1,32.71922205592419
131.9,0.21475665157908375,0.0,2,33.027049075825296
132.0,0.3111535389520318,0.2466812152705339,1,32.87829022133269
132.1,0.49931791298191674,0.0,1,32.41612152434191
132.20000000000002,0.2581873924987612,0.0,1,32.6782402524759
132.3,0.4799325081888193,0.2612144407743258,3,32.6783895042392
132.4,0.3100654221913051,0.0,1,32.759120445644854
132.5,0.0,0.0,2,32.979928679912355
132.6,0.0,0.0,4,32.8048168841762
132.70000000000002,0.22346524511371957,0.12380658931770645,2,31.76709096709614
132.8,0.0,0.27840775031741827,5,32.13855762548475
132.9,0.5189492044310025,0.022225875059302423,3,31.89233732886905
133.0,0.8902150918956862,0.263639413446805,2,32.60937600815079
133.1,0.764355434504155,0.0,4,32.657257641558466
133.20000000000002,0.19040837291775958,0.0,1,32.69820289147455
133.3,0.8710097003527213,0.0,1,32.535135550369475
133.4,0.3331188539398665,0.0,3,33.03168460510213
133.5,0.137749013450968,0.016818877650039397,3,33.02796574261997
133.6,0.026152776987725612,0.13818219147843855,4,32.3692554896924
133.70000000000002,0.14945532225976027,0.0,5,32.29108423473696
133.8,0.1141007421170036,0.02780573739062512,2,32.71394639641809
133.9,0.3364651536766544,0.0,3,33.258597560726535
134.0,0.33145437914506853,0.0,3,33.237607396388974
134.1,0.2673682478863612,0.0,5,32.88811535988318
134.20000000000002,0.43984909622440316,0.0,4,32.5065801555576
134.3,0.7402552664463082,0.0,5,33.00826501375719
134.4,0.6427402829275355,0.00635189131629015,2,32.66719589125592
134.5,0.0,0.015134708122677226,4,32.54467081259335
134.6,0.0,0.0,2,32.108816701892415
134.70000000000002,0.6334059171304861,0.254542946794253,2,32.75944374671612
134.8,0.0,0.0,5,32.516917262040444
134.9,0.16760614037470212,0.0,1,32.75668183042819
135.0,0.0,0.5559927248447112,5,31.829764242395576
135.1,0.0,0.0,1,32.54795907231907
135.20000000000002,0.47084120064673934,0.0,4,31.77653494585385
135.3,0.5568307363891587,0.14689534900024356,2,32.83499087727984
135.4,0.021476062206336827,0.0,2,32.64549437404846
135.5,0.0,0.0,2,32.38280959098624
135.6,0.031402523050050035,0.4291649850152977,3,32.472474542899405
135.70000000000002,0.4055304428568328,0.0,2,32.042045136153305
135.8,0.0,0.0,3,32.334874310640714
135.9,0.31996690396175265,0.0,1,32.6146433796718
136.0,0.23940456213401215,0.17967191366939714,1,31.429512965694002
136.1,0.4761496852830861,0.22495534399716252,1,32.253283986908386
136.20000000000002,0.2911688387157364,0.0,2,32.39710303157019
136.3,0.0,0.1366424808002138,4,32.27706042515894
136.4,0.7197695881808659,0.27805106550239794,4,32.70607358631927
136.5,0.1766298573446637,0.35746928288596513,2,31.813952847715345
136.6,0.2280196096254352,0.0,3,31.962991667832313
136.70000000000002,0.0,0.0,4,31.552529025741688
136.8,0.05942513980943245,0.0,2,32.566279609084006
136.9,0.0,0.0,2,32.017306417232575
137.0,0.1653524433697021,0.0,3,31.952398768353053
137.1,0.9181092635296766,0.0,1,32.29104570269995
137.20000000000002,0.0,0.22377891958613386,1,32.40080207018526
137.3,0.0,0.25488568533751627,1,32.20704554784924
137.4,0.8185734303507217,0.0,3,32.94797790848063
137.5,0.1452671243706526,0.21969697521036374,1,32.23324341650017
137.6,0.0,0.07153227332621788,1,31.9116668729301
137.70000000000002,0.6427383184263227,0.012901194572514344,2,31.94231617497878
137.8,0.0,0.18130883142199278,1,31.910462464427642
137.9,0.9549565487049027,0.014450409647583163,1,31.80569337331041
138.0,0.49460977219074087,0.4115622354195525,5,32.135198895794474
138.1,0.027160727008260693,0.0,1,32.34350900542139
138.20000000000002,1.0,0.0,3,31.991354702172327
138.3,0.0,0.0,2,31.911064346070816
138.4,0.5158157209434985,0.08789053809159812,3,32.60256023651751
138.5,0.3375769404850978,0.2535920974206178,3,31.64326032200296
138.6,0.7374378888254027,0.0,2,31.527242147464854
138.70000000000002,0.8402264495348033,0.0,4,31.835684869578632
138.8,0.22730336576095211,0.16850277929100088,3,31.661368867819547
138.9,0.0,0.1509917532283929,4,32.167021642202556
139.0,0.3962474643563322,0.0,2,31.973860236907633
139.1,0.0,0.0,5,31.99420794143261
139.20000000000002,1.0,0.0,4,32.450733488550256
139.3,0.2635017346634692,0.0,5,31.889517475463943
139.4,0.061633636292235755,0.0,3,32.31294544377987
139.5,0.28050820270099736,0.16185293964839717,3,32.4828432730745
139.6,0.0,0.02336603483443676,4,31.86307344960304
139.70000000000002,0.0,0.0,4,32.19903403336388
139.8,0.6834181729177228,0.17601319259146847,5,31.861344500997692
139.9,0.0,0.0,2,32.18936414919458
140.0,0.0,0.06602275809418877,4,31.396954835613347
140.1,0.4145229230637865,0.0,2,31.408351614329998
140.20000000000002,0.6730116164303782,0.0,3,31.82273648543956
140.3,0.4851786164239601,0.1008541496076768,1,31.747438622398956
140.4,0.594882913684109,0.10428987981190581,2,31.881793150123315
140.5,0.0,0.26739381471119206,5,31.859921022115856
140.6,0.0,0.0,1,32.12003894195702
140.70000000000002,0.7935922447758885,0.0612901725926682,3,31.81013367874985
140.8,0.06285027947450808,0.0,3,31.669106972956154
140.9,0.0904516717584079,0.036397976524559526,1,31.801067982851126
141.0,0.7209244352698555,0.08789720960170234,2,31.72088470899359
141.1,0.4109999238934402,0.0,3,31.686180629139578
141.20000000000002,0.36972341653733404,0.0,1,31.559270688712736
141.3,1.0,0.06629417926617907,4,32.08668345219452
141.4,0.0,0.0729122954710914,5,31.848988887477024
141.5,0.5550810430626086,0.0,2,32.361622924087186
141.6,0.20560765884911544,0.0,1,31.670405792538855
141.70000000000002,0.28909600628636006,0.295175830100793,3,31.847316618720225
141.8,0.7919024245207091,0.09828910217888047,4,32.55198540318453
141.9,0.3825045936262101,0.0,2,31.75537458233056
142.0,0.39354324240395266,0.0,1,32.04934609470436
142.1,0.6060815524827534,0.0,3,31.787416891271395
142.20000000000002,0.029950624202177395,0.2605180793572463,5,31.640346248909815
142.3,0.0,0.02753238817360922,2,32.477983689998744
142.4,0.0,0.0,2,32.04323807698711
142.5,0.0,0.10193784624493119,5,31.976216287250054
142.6,0.9938199704893218,0.0,3,31.49379912531687
142.70000000000002,0.0,0.30016860605607565,4,31.988411198575037
142.8,0.08053423985097465,0.270560106979345,3,32.12330438925352
142.9,0.05715863819985387,0.0,5,32.10242870983302
143.0,0.28969423461359234,0.0,3,31.962320548589684
143.1,0.4918733709142007,0.0,4,31.4342451152307
143.20000000000002,0.5086141493371874,0.0,3,31.89070133524553
143.3,0.0,0.0,4,31.975471068191332
143.4,0.09526663618950598,0.027038068197477214,2,31.219012554792585
143.5,0.2739916107530906,0.0,2,31.435978682276815
143.6,0.06032684509974447,0.0,4,32.02129590810167
143.70000000000002,0.8015845517835832,0.0,2,32.10302848259519
143.8,0.35387869324823606,0.1010674295294697,3,31.351778862301924
143.9,0.4502815882755715,0.10556786998311743,2,32.05811315077424
144.0,0.4203241172636316,0.0,4,31.854619609967934
144.1,0.6234016680455859,0.0,1,32.204963271371874
144.20000000000002,0.22526064773943333,0.0,4,31.773516270859705
144.3,0.0,0.18034573942805476,3,32.07551643503165
144.4,0.31040517379116417,0.15682928327069973,1,32.14392383516824
144.5,0.0,0.0,3,31.763678262601047
144.6,0.0,0.0,2,31.85273755925097
144.70000000000002,0.3815880495673024,0.0,2,31.682096216877824
144.8,0.6411919710888262,0.0,2,32.43595940540877
144.9,0.15322309014512775,0.06719363468811533,1,31.90108362394583
145.0,0.26708280256797495,0.0,5,31.65304269720461
145.1,0.823270139261972,0.1940350165135719,1,31.848013197853206
145.20000000000002,0.23751942754633573,0.0,3,32.09997388335122
145.3,1.0,0.0,2,32.399345400251036
145.4,0.365088312738566,0.0,3,31.782967640124028
145.5,0.0,0.0,2,32.715916808027096
145.6,0.4378851795144925,0.0,3,32.27107796831069
145.70000000000002,0.28784310169176885,0.19919473576928912,4,32.249113775581726
145.8,0.6501115245189244,0.0,3,32.11581316101873
145.9,0.4023131016994652,0.02483513694892269,1,32.22770911508708
146.0,0.07648777374156063,0.0,3,32.162096002276996
146.1,0.0,0.0,2,32.48979143876963
146.20000000000002,0.04591849895003951,0.0,1,32.172221106374735
146.3,0.0,0.11982066637271893,2,32.34269015558662
146.4,0.0,0.0,2,31.960421526816212
146.5,0.36144174131878337,0.16182255814627577,3,32.10548606989588
146.6,0.7927986928485286,0.0,4,31.836561784986934
146.70000000000002,0.2815315152471866,0.0,2,32.45828229300532
146.8,0.0,0.10613662460200957,2,31.78584783889822
146.9,0.29915451576969077,0.0,1,31.99635824064994
147.0,0.5987905854913228,0.007514971867173122,3,32.02811112878418
147.1,0.0,0.0,3,31.994400793386735
147.20000000000002,0.06417877191509222,0.025873601340763705,2,32.29528469345005
147.3,0.12248403128511366,0.0,4,31.969751542599074
147.4,0.0,0.0,3,32.46099240461758
147.5,0.3735657619541598,0.12319340120936764,3,31.76751006880466
147.6,0.06469605860816652,0.20743628112981005,3,31.97860801123797
147.70000000000002,0.2797095729476315,0.0,3,31.698175186262592
147.8,0.0,0.0,3,32.035451712190046
147.9,0.0,0.05894385058046031,2,31.863005526816973
148.0,0.3973103038676483,0.13864352033174085,1,31.859341542973986
148.1,0.0,0.0,1,32.24068565620512
148.20000000000002,0.7967819031124516,0.0,3,31.73697822650245
148.3,0.0,0.0,4,32.08748100077108
148.4,0.19350715886285363,0.14062803944720986,2,31.63803871660993
148.5,0.47548743011992317,0.499686096744299,1,31.84110039710584
148.6,0.0,0.0,4,31.42703921982053
148.70000000000002,0.0,0.0,4,31.565402936245242
148.8,0.0,0.08045361544025961,4,31.691172777563132
148.9,0.6027520032446901,0.264199157908142,3,32.20426296138735
149.0,0.0,0.021602824195900185,4,31.661525022819863
149.1,1.0,0.0,1,32.37300620990886
149.20000000000002,0.0,0.19159878829600382,1,31.85715925606318
149.3,0.16679989371395673,0.132709123699687,1,31.653619597313767
149.4,0.7086376644579302,0.0,4,32.25726224903186
149.5,0.8930447825154555,0.07628512350686839,1,32.11771052552769
149.6,0.9140226392970039,0.19945311353177453,3,31.786723797542855
149.70000000000002,0.5715809245856246,0.23637800851177873,3,32.07090882940043
149.8,0.49667231344126367,0.0,2,31.88643243496246
149.9,0.3228706053763669,0.0,4,31.377215171359314
150.0,0.39601643530257546,0.24545476441625258,1,32.2566937585741
150.1,0.0,0.0,2,32.282569583825904
150.20000000000002,0.0,0.08771585818420108,4,32.454450661754244
150.3,0.07975674617606245,0.0,1,32.02926643670361
150.4,0.01184353304001634,0.21307525445192055,3,31.73632139148954
150.5,0.0,0.0,4,32.03984728312885
150.6,0.35609311260136306,0.2537166471294939,5,31.957157308356486
150.70000000000002,0.45847012522301656,0.09828255127110541,4,32.17005873413524
150.8,0.110520399095621,0.0,2,31.658513461226896
150.9,0.6649789791545788,0.2849255464154487,3,31.564962450475576
151.0,0.0,0.3102490532855459,1,31.275234113897106
151.1,0.0,0.17645729851984315,2,31.57116254199917
151.20000000000002,0.0,0.0,1,30.92439830467699
151.3,0.0,0.0,2,31.60068410314712
151.4,0.03493684044484672,0.02908544348115188,4,31.515851629198686
151.5,0.018117709858676327,0.0,2,31.49648500901126
151.6,0.6710039416721421,0.33846931449264095,3,31.28832514984554
151.70000000000002,0.3167557868644102,0.028865294345207366,2,31.718534249638644
151.8,0.0,0.0,3,31.499393959047396
151.9,0.8036815085102498,0.06787116255124408,5,31.055094990540155
152.0,0.5492642700001024,0.0,2,31.112883374694302
152.1,0.2924959395877082,0.0,3,31.03084836835075
152.20000000000002,0.0,0.0,2,31.439242468802338
152.3,0.0,0.16140928332133753,1,30.89914754272279
152.4,0.0,0.22393755571067625,3,31.428795369563744
152.5,0.4903782332211364,0.05661063245173075,4,31.49385256396091
152.6,0.8075182287629712,0.0,1,31.02796410469754
152.70000000000002,0.6697858240129148,0.0,1,31.39372504905326
152.8,0.0,0.003919923315525659,1,31.43196922845614
152.9,0.0,0.0,4,31.671107903386464
153.0,0.10525578982064304,0.11578572971424697,4,31.8360960414827
153.1,0.0,0.09200846477209323,3,30.796004537695136
153.20000000000002,0.1757759763012516,0.3080882479553347,3,31.09822422894891
153.3,0.0,0.251069956057695,4,31.009425144588796
153.4,0.0,0.0,4,30.648409671851795
153.5,0.0,0.16405967490179296,4,30.84779888147663
153.60000000000002,0.2471619382640698,0.0,4,31.117647518532518
153.70000000000002,0.0,0.13918642018816993,3,30.838830485477242
153.8,0.0,0.0,3,30.4386489378183
153.9,0.0,0.0,4,31.7438881343909
154.0,0.025926268437693384,0.05600906853948089,5,30.92388461725205
154.10000000000002,0.7446350715333775,0.0,1,31.05581329149489
154.20000000000002,0.6990401781544766,0.0,1,30.858807011620915
154.3,0.0,0.0,5,31.245645774388137
154.4,0.0,0.01648835332696849,2,31.091950282141582
154.5,0.2184515634691303,0.0,4,30.56853229274908
154.60000000000002,0.0,0.0,2,30.793332283775367
154.70000000000002,0.1492615732776569,0.0,1,31.37203686985611
154.8,0.33377822719313294,0.07824186544747878,1,31.759012896989184
154.9,0.5169205984979389,0.11635635412567252,1,31.36428273749395
155.0,0.0,0.0,2,31.564219254949975
155.10000000000002,0.0,0.23136675620739777,3,31.088634361835517
155.20000000000002,0.0,0.07947940469184686,4,31.06222320967144
155.3,0.0,0.0,5,31.394862624837824
155.4,0.0,0.0,2,31.545811301420287
155.5,0.16589864178834357,0.0,3,31.43149015184175
155.60000000000002,0.3831868512575553,0.0,3,30.73475746268175
155.70000000000002,0.0,0.2224201238442677,3,30.93986497442942
155.8,0.6124293435149291,0.13705801694219358,3,31.031513806846082
155.9,0.0,0.28040186518382443,1,30.756452773138072
156.0,0.0044076676962831116,0.0,1,30.931605976175366
156.10000000000002,0.0,0.26921995890285155,1,30.951424073214348
156.20000000000002,0.0,0.0,1,30.985980623229857
156.3,0.3629733715973984,0.2943170165139788,4,31.096904305500438
156.4,0.3028928998549867,0.0,2,30.512732530083728
156.5,0.0,0.14144627476085533,4,30.135215371859346
156.60000000000002,0.03255179077358866,0.29502247286197114,5,30.535387783147613
156.70000000000002,0.21093123546521728,0.0,5,30.984558739494684
156.8,0.0,0.04367779750883484,5,30.24202280183437
156.9,0.0,0.25777268504126044,2,30.485549312644164
157.0,0.31866146359862296,0.0,3,30.496985000308513
157.10000000000002,0.0,0.0,1,30.326123129670165
157.20000000000002,0.1159787664156604,0.428601410916982,4,30.1160872485575
157.3,0.0,0.0,4,29.817634860646866
157.4,0.18272761143200875,0.031751210187508566,4,29.392441744061152
157.5,0.0,0.23120133389022543,2,29.64701943253368
157.60000000000002,0.0,0.0,4,29.84430825620436
157.70000000000002,0.4584515249367502,0.0,1,30.39372942399998
157.8,0.0,0.050747459354966634,1,29.99736572717281
157.9,0.0,0.0,4,29.853360183805396
158.0,0.06918389473254485,0.0,2,29.731785177526977
158.10000000000002,0.4472113817915798,0.04900773286308119,5,30.184439097952072
158.20000000000002,0.0,0.0,1,30.37572062733287
158.3,0.010028986040679262,0.0,4,30.268753458227394
158.4,0.15568403373277112,0.31883559124080246,3,30.01999200292155
158.5,0.26020012737509535,0.020707630789835077,4,29.38691401350607
158.60000000000002,0.05233502561846247,0.28623042355234823,4,29.613191920405903
158.70000000000002,0.0,0.0,5,30.284043845188815
158.8,0.0,0.0,2,30.017619990911047
158.9,0.012617970827707995,0.05383618405103198,5,29.183717546599944
159.0,0.0,0.0,1,29.60954310640484
159.10000000000002,0.0,0.0,1,29.71642525071827
159.20000000000002,0.14918713959641805,0.29395685175749914,2,29.28205330224468
159.3,0.33493828490877525,0.0,4,28.821690049155574
159.4,0.0,0.0,3,29.525514941980912
159.5,0.0,0.2656332107914665,4,29.152435715047506
159.60000000000002,0.217430102934393,0.0,4,29.149680423561726
159.70000000000002,0.7915681718967218,0.0,2,29.365550600873387
159.8,0.0,0.0,5,29.413321884016476
159.9,0.0,0.34818829731939815,1,29.316130297630096
160.0,0.0,0.0,4,29.03532013383068
160.10000000000002,0.5137281987193565,0.01168989614112998,2,29.28073960594523
160.20000000000002,0.0,0.1825240645080881,3,28.74036108949385
160.3,0.0,0.08434338660061941,2,29.314511401476043
160.4,0.0,0.0,1,28.346100982965197
160.5,0.0,0.0,2,29.097943212137746
160.60000000000002,0.006858612192477957,0.0,1,29.444204336691367
160.70000000000002,0.6064649274875734,0.03756006760850441,2,28.90083788660458
160.8,0.08462848527711607,0.0,1,29.437923866142214
160.9,0.0,0.040671891999753546,3,29.537939008273327
161.0,0.0,0.13634868176302836,4,28.135220933034688
161.10000000000002,0.0,0.19250057716002034,3,28.999915635532894
161.20000000000002,0.3038554466016396,0.0,4,28.184852049409102
161.3,0.0,0.43932921099579086,3,28.847678214691687
161.4,0.0,0.15349586891082612,3,28.812027064615847
161.5,1.0,0.0,3,28.140591974285073
161.60000000000002,0.06533061964597628,0.21790731661532814,2,29.38108189590623
161.70000000000002,0.0,0.4730815543999947,3,28.714042096804935
161.8,0.0,0.0,1,28.356046037444038
161.9,0.4016234388177693,0.0,4,29.059678853830007
162.0,0.0,0.0,4,28.063906752783627
162.10000000000002,0.0,0.03853030652960494,2,28.203542998566434
162.20000000000002,0.3063545069766913,0.07307884838502815,4,27.861105647813815
162.3,0.0,0.0,1,29.07386586267128
162.4,0.6855951144190644,0.0,2,28.707300073456164
162.5,0.3671021455677944,0.0,1,28.885851520546254
162.60000000000002,0.0,0.07470673668235374,4,28.735871708276534
162.70000000000002,0.44510407845176464,0.29108689678306504,4,28.73284083925802
162.8,0.0,0.0,4,28.566731922472492
162.9,0.2714226951204166,0.088011985804629,1,28.650246364598576
163.0,0.12301461338269924,0.0,3,28.594773656000793
163.10000000000002,0.0,0.09144261273850278,4,28.33203013820446
163.20000000000002,0.0,0.0,1,28.483274482819915
163.3,0.33753231782339577,0.0,3,28.592018486412837
163.4,0.0,0.0,1,28.52576476101296
163.5,0.0,0.0,1,28.03194939002254
163.60000000000002,0.0,0.07648666313850709,3,28.028991512628075
163.70000000000002,0.09022714765089493,0.0,3,28.748114132235788
163.8,0.7446081519928438,0.0,1,28.512490850303887
163.9,0.0,0.0,1,28.76255125451517
164.0,0.0,0.0,2,28.242063561000286
164.10000000000002,0.48092034377385323,0.35933304033500346,2,28.05468794504345
164.20000000000002,0.0,0.0,2,28.226228819878884
164.3,0.09460513641470307,0.0,2,28.407849453172147
164.4,0.0,0.0,3,28.257779734202515
164.5,0.08260493460046833,0.3596960174276235,2,28.71934105752867
164.60000000000002,0.0,0.11058104571989631,4,28.331034342567207
164.70000000000002,0.303201191276529,0.0,4,28.835014243567574
164.8,0.38267770644618937,0.22124631177199375,1,28.412891808090155
164.9,0.9423632045501732,0.040139738857775664,1,27.788645582951816
165.0,0.13720585279948105,0.05145068422230037,4,28.803877044191335
165.10000000000002,0.034486324507780164,0.0,1,28.026083154637544
165.20000000000002,0.0,0.0,1,28.530806330539942
165.3,0.0,0.06755321981092027,1,28.189441879942695
165.4,0.03600929726314159,0.0,3,29.05062813763289
165.5,0.0,0.36335112591502094,3,28.701361079428082
165.60000000000002,0.0,0.0,5,28.02988668531455
165.70000000000002,0.4241063139471112,0.30723135457098905,4,28.123060614239883
165.8,0.0,0.0,2,28.21772878601232
165.9,0.3506551348070131,0.05981714680422118,2,28.41329032840027
166.0,0.42036857203142985,0.16663155332588694,2,28.14660683485776
166.10000000000002,0.0,0.0,1,27.813502354303814
166.20000000000002,0.0,0.1728496769397273,1,27.83121650804288
166.3,0.0,0.0,1,28.028358648455498
166.4,0.40760000899798604,0.0,1,28.491972779167604
166.5,0.0,0.0,2,28.2331160806349
166.60000000000002,0.0,0.0,2,27.855889518087327
166.70000000000002,0.0,0.0,5,28.265595303248222
166.8,0.22033696287528287,0.07714999363633897,3,27.93204649935777
166.9,0.10160521736053983,0.14053199969986116,5,28.25705640124258
167.0,0.0,0.04817535144008154,2,28.715265364725205
167.10000000000002,0.0,0.0,3,27.832840132306856
167.20000000000002,0.0,0.07380328756503343,2,28.13971418371439
167.3,0.0,0.024857138970170143,1,27.650723756652887
167.4,0.5231833742976292,0.18721123358720326,1,27.901198897585758
167.5,0.0,0.15538734058630332,5,27.875303308853614
167.60000000000002,0.36154844037683276,0.006095282784125774,5,27.80901419952755
167.70000000000002,0.4820381691259934,0.0,1,28.717999954064176
167.8,0.27166332987941394,0.0,1,27.942861110501283
167.9,0.0,0.0,2,28.19412751428211
168.0,0.031486987902216046,0.0,1,27.430695591577198
168.10000000000002,0.0,0.053610085517950656,2,28.10471364339553
168.20000000000002,0.0,0.14303487802561168,1,28.253357142539492
168.3,0.0,0.0,3,27.735842693792545
168.4,0.0,0.003224957580094506,2,27.123381184951324
168.5,0.33921584232029567,0.028661261000000906,2,27.883949266597345
168.60000000000002,0.0,0.0,1,27.88409917541112
168.70000000000002,0.0,0.0,2,28.079585511098767
168.8,0.0,0.0,5,28.449072599369607
168.9,0.0,0.0,2,27.715243968569457
169.0,0.09298432817197172,0.0946290906535574,4,27.53050757371023
169.10000000000002,0.0,0.0,4,27.42084636605743
169.20000000000002,0.2044947495580513,0.0,5,27.824798897583
169.3,0.0,0.09328625748246339,4,27.861639961545073
169.4,0.0,0.10413789928453375,3,27.503034495341165
169.5,0.6280552970525317,0.0,4,27.92587673294686
169.60000000000002,0.0,0.1994118712907283,1,27.749056787476746
169.70000000000002,0.0,0.22547001787109708,3,27.530992398412767
169.8,0.0545600147178085,0.0,5,27.234053855625373
169.9,0.0,0.0,4,27.344080036877145
170.0,0.0,0.23821813662923833,5,26.66418669043902
170.10000000000002,0.04119034043452957,0.0,4,27.450587258388815
170.20000000000002,0.09824484332957606,0.0,4,27.378310515343053
170.3,0.28707758279153006,0.0,4,27.430108694420937
170.4,0.005967126093825215,0.0,4,27.50927318620918
170.5,0.0,0.0,3,27.457756803589362
170.60000000000002,0.10875507858308184,0.0,5,27.298747183008484
170.70000000000002,0.5985222987825227,0.006479242736715746,4,27.368267634482795
170.8,0.0,0.2924509208069458,4,26.81892656323285
170.9,0.0,0.0,3,27.04927532831133
171.0,0.2779374655209147,0.21450835991455178,2,27.18927680702126
171.10000000000002,0.0,0.2857520324073541,1,26.842375489693584
171.20000000000002,0.0,0.2868619338704152,5,27.209931344019612
171.3,0.170615477843053,0.05695091867711365,3,26.73498203948623
171.4,0.0,0.0,2,26.98198886759685
171.5,0.0,0.09216497308077307,1,26.90588864092686
171.60000000000002,0.0,0.2096799775627082,4,27.00950524203352
171.70000000000002,0.0,0.0,4,27.040553299220313
171.8,0.10967707873182225,0.34891677401504984,4,26.854243414806717
171.9,0.0,0.17196671229349159,3,25.941762630026673
172.0,0.028843331821092527,0.11365467543055685,2,26.882705194910653
172.10000000000002,0.0,0.2172761422411676,2,26.895218833965128
172.20000000000002,0.11683268796014912,0.06667397025217563,1,26.286409592369193
172.3,0.06631030059447679,0.0,4,26.4915581664074
172.4,0.0,0.0,1,26.138422936150917
172.5,0.25226793884495524,0.2394336054495707,3,25.74889663301714
172.60000000000002,0.0,0.0,3,26.097002037545302
172.70000000000002,0.1388129110677239,0.0,3,26.154136879743447
172.8,0.0,0.0,5,26.19494915872282
172.9,0.5485809124130365,0.3567845190403539,1,26.02633259214834
173.0,0.0,0.33629849148360313,4,25.967107996906364
173.10000000000002,0.0,0.0,1,26.169203974342384
173.20000000000002,0.0,0.02945960007781681,1,25.917004574516007
173.3,0.0,0.0,2,26.29654390618842
173.4,0.1275914755471543,0.12298892780627563,1,26.31644309144602
173.5,0.0,0.1019366154484658,4,26.77753656317991
173.60000000000002,0.0,0.1623411143226531,3,26.332518740869183
173.70000000000002,0.0,0.06638368954157746,1,26.0312022004681
173.8,0.1831973943844681,0.5870812412776937,1,25.610975805955228
173.9,0.48618657524665326,0.0,3,25.91419880649056
174.0,0.0,0.0,4,25.909824351538287
174.10000000000002,0.0,0.0,2,25.643638274271876
174.20000000000002,0.0,0.0,3,26.018553906353002
174.3,0.26216798935844815,0.0,4,25.36730085834194
174.4,0.0,0.0,3,25.69922459565552
174.5,0.0,0.0,2,25.9251319709943
174.60000000000002,0.18411079445381803,0.0,3,25.67431005733283
174.70000000000002,0.0,0.10364379008908231,3,25.649854085110242
174.8,0.0,0.0,4,25.65644116417559
174.9,0.19107266862840114,0.0,3,25.449992771778142
175.0,0.0,0.17884655490018697,5,25.97913671368885
175.10000000000002,0.05955686486273995,0.0,1,25.323426479885907
175.20000000000002,0.0,0.0,5,25.710273050063773
175.3,0.0,0.0731519972185831,3,25.7005384111021
175.4,0.0,0.0,3,25.277902175472
175.5,0.3333853583820019,0.0,1,25.65938271332532
175.60000000000002,0.0,0.06922346575954455,2,25.32746534638922
175.70000000000002,0.16283452877225557,0.09840285611337972,4,25.981741022854372
175.8,0.425478705528612,0.41284402697048217,4,25.09960178409939
175.9,0.3054167539389448,0.031618975173361985,1,25.302164207090108
176.0,0.43432123662187094,0.16394794345161898,3,25.101152663785186
176.10000000000002,0.07407176032806304,0.0,1,25.067025355236055
176.20000000000002,0.0,0.059445444317017274,5,25.918040321952258
176.3,0.0,0.3334513683499068,4,25.478550150465505
176.4,0.0,0.0,1,25.344133550612863
176.5,0.0,0.08272325151433611,4,25.063840555230794
176.60000000000002,0.6400380018258237,0.42711734601547324,5,25.41124711324712
176.70000000000002,0.0,0.056406843841868504,2,24.85941258373566
176.8,0.0,0.3301145926465696,4,25.221285538909324
176.9,0.0,0.0,2,24.708124954935684
177.0,0.0,0.0,3,24.763224804438185
177.10000000000002,0.44414431564462664,0.006704940477717506,2,25.22775903694864
177.20000000000002,0.0,0.0,2,25.246088898415866
177.3,0.0,0.0,2,25.152863168291677
177.4,0.0,0.0,1,24.645413842510436
177.5,0.0,0.1644132156065055,4,24.758202574906715
177.60000000000002,0.0,0.17443062113681101,2,24.867928100110895
177.70000000000002,0.0,0.06480728854130667,2,24.531328825998997
177.8,0.0,0.16482057937114117,4,25.129355586216096
177.9,0.0,0.0,3,23.98444837474123
178.0,0.0,0.24038633390790864,3,24.37826126793307
178.10000000000002,0.0,0.0017576885264143642,5,24.445504719969524
178.20000000000002,0.0,0.011572809485351295,4,23.7284255941263
178.3,0.05695391808298825,0.0,1,24.16503688227522
178.4,0.0,0.13689009552728557,3,24.712969250400153
178.5,0.0,0.0,5,24.52163560746046
178.60000000000002,0.0,0.19528627543961363,2,24.906577441794
178.70000000000002,0.0,0.0,2,24.885467470973385
178.8,0.0,0.0,1,24.53908962834634
178.9,0.2825684200595343,0.13748535102530085,1,24.519959750145894
179.0,0.0,0.0,4,24.433039524750395
179.10000000000002,0.0,0.0,4,23.60402076498438
179.20000000000002,0.0,0.17801154649509196,5,23.910138753078805
179.3,0.010582309009455337,0.0,4,24.34678805228735
179.4,0.0,0.0,2,24.488778792369565
179.5,0.0,0.27984559001423187,1,24.284988922496733
179.60000000000002,0.0,0.3078284691621301,5,23.81524731963413
179.70000000000002,0.0,0.3144796420540654,2,24.247009021926303
179.8,0.16704492801777626,0.0,2,24.42054001188131
179.9,0.0,0.24614058099689407,5,24.162893584356862
180.0,0.49496400832429155,0.0,3,24.210206351676703
180.10000000000002,0.0,0.0,2,23.73335940676082
180.20000000000002,0.0,0.0,4,24.211720420208685
180.3,0.0,0.334573640379706,5,23.808968690524342
180.4,0.0,0.0,1,23.906658974680393
180.5,0.0,0.0,4,23.850785300540124
180.60000000000002,0.0,0.0,2,23.69268524323422
180.70000000000002,0.0,0.1390330496660281,3,23.412774086690455
180.8,0.0,0.0,5,23.63418064443259
180.9,0.08286160356391203,0.0,5,23.947328297647136
181.0,0.0,0.08833251283721213,2,23.477479374895935
181.10000000000002,0.0,0.0,2,23.866034488928857
181.20000000000002,0.3665403676354091,0.0,1,23.905015779298093
181.3,0.0793253432542918,0.0,3,23.58929806089852
181.4,0.0,0.0,1,24.083657837815828
181.5,0.0,0.03570583394409557,2,23.53650246911161
181.60000000000002,0.0,0.0,1,24.084105210409938
181.70000000000002,0.0,0.0,2,23.749565954176628
181.8,0.0,0.0,1,23.602666801009327
181.9,0.0,0.0,4,23.329196869866657
182.0,0.0,0.3984073271918618,2,23.42437945242948
182.10000000000002,0.0,0.3667793092048751,2,23.25573778635887
182.20000000000002,0.0,0.0,4,22.927778298735014
182.3,0.0,0.11142752368069637,4,23.191253189362904
182.4,0.0,0.14985651137589023,2,22.953906205264943
182.5,0.0,0.0,1,23.35936713878297
182.60000000000002,0.0,0.0,4,23.563987555612638
182.70000000000002,0.2702068547139741,0.0,2,22.828601434600476
182.8,0.0,0.0,4,23.6988892926108
182.9,0.0,0.0,2,23.13516385879899
183.0,0.0,0.08846337363289705,2,22.840278498985136
183.10000000000002,0.0,0.0,3,23.3486953327873
183.20000000000002,0.08187395111055246,0.0,4,22.981486067727683
183.3,0.0,0.021816594069966375,5,23.072230324968796
183.4,0.0,0.07719401851377518,1,22.93835603667622
183.5,0.0,0.0,3,22.803274194928033
183.60000000000002,0.0,0.18561812219821625,1,23.19228919965904
183.70000000000002,0.0,0.0,3,22.877938767424542
183.8,0.0,0.0,4,22.521583785017924
183.9,0.0,0.0,2,23.10665851412179
184.0,0.0,0.0,5,22.568437929355216
184.10000000000002,0.0,0.0,3,22.572917728130413
184.20000000000002,0.0,0.3742148964616228,5,23.14073345921852
184.3,0.0,0.0,4,22.412976286447503
184.4,0.0,0.4882443444943828,1,21.903134104262126
184.5,0.0,0.08742535594621037,2,22.744889871486603
184.60000000000002,0.19246246133006162,0.018411027462398397,2,22.47554126749828
184.70000000000002,0.0,0.09524807067753319,1,22.458790275913685
184.8,0.07191917352395327,0.5059855498503905,3,22.25664452400746
184.9,0.0,0.0,3,22.40983819520641
185.0,0.0,0.0,5,22.103874173371196
185.10000000000002,0.3912055889422932,0.0,2,22.814048032371737
185.20000000000002,0.0,0.006428629392912179,4,21.915524830584197
185.3,0.04671256531682988,0.0,5,22.483683300499678
185.4,0.07827057874211835,0.004467847863721602,4,22.53592919204085
185.5,0.0,0.3387094266827344,2,21.991844135339857
185.60000000000002,0.2330011504495722,0.03028147812495548,3,21.91270409161619
185.70000000000002,0.0,0.0,2,22.514443983370867
185.8,0.0,0.0,2,21.901510769956623
185.9,0.0,0.1797023409103129,2,21.946356279607535
186.0,0.0,0.0,4,22.384101982774464
186.10000000000002,0.0,0.3692791841198495,3,21.994802295278795
186.20000000000002,0.0,0.38667194954287143,3,21.306035498585878
186.3,0.0,0.051350159732357514,5,22.34199910333219
186.4,0.1897128030685209,0.0,1,21.69931312094695
186.5,0.0,0.2061319616483119,3,21.65858573986289
186.60000000000002,0.07899880726825131,0.218959700445465,4,21.778308909216786
186.70000000000002,0.11566619219211727,0.0,1,21.909893880177016
186.8,0.0,0.0,3,22.30063575203748
186.9,0.0,0.0,2,21.20422697097146
187.0,0.0,0.08181298766681143,4,21.912714348333562
187.10000000000002,0.0,0.13332557669137815,2,21.83337652676131
187.20000000000002,0.0,0.0,2,21.559361210457006
187.3,0.0,0.0,3,21.826739041512425
187.4,0.1821720636481512,0.0,1,21.909473776159523
187.5,0.21533673307057632,0.0,2,21.233334098651003
187.60000000000002,0.0,0.11020341204525991,2,22.126120920459194
187.70000000000002,0.0,0.0,2,21.123607915126495
187.8,0.0,0.0,3,21.24069650141563
187.9,0.0,0.0,3,21.492819038091966
188.0,0.03809773460173721,0.03739804194493286,3,22.129831046865736
188.10000000000002,0.29741314374535116,0.0,3,21.47639921469231
188.20000000000002,0.0,0.0,2,21.549371419628425
188.3,0.0,0.0,1,21.978659682086715
188.4,0.0,0.03605897610068888,4,21.437014632365397
188.5,0.0,0.0,4,21.163692843267846
188.60000000000002,0.0,0.0,2,21.382176266895158
188.70000000000002,0.0,0.36111488653736307,2,21.788344564888995
188.8,0.0,0.0,3,21.388617592171645
188.9,0.0,0.0,3,21.936815538945275
189.0,0.0,0.2021679470040627,3,21.501878069321705
189.10000000000002,0.0,0.7058110375140969,1,20.842123560361873
189.20000000000002,0.0,0.0,4,21.041449238281494
189.3,0.0,0.089965442745302,1,20.73074100681561
189.4,0.0,0.0,3,20.776780440321282
189.5,0.0,0.0,4,22.311647943767642
189.60000000000002,0.0,0.0,3,21.264130740808074
189.70000000000002,0.27519820835967324,0.0,1,21.28088808185583
189.8,0.0,0.0,5,20.8261763671231
189.9,0.0,0.0,4,21.474585913028086
190.0,0.0,0.1893615133023741,4,21.26100354417272
190.10000000000002,0.0,0.011000587206674926,2,21.48265195073602
190.20000000000002,0.10023973993658031,0.08448699458028801,1,21.457333255025937
190.3,0.0,0.0,5,20.45434701163161
190.4,0.0,0.0,3,20.555805055525887
190.5,0.0,0.057512781033465625,4,20.559141040471577
190.60000000000002,0.0,0.0,2,20.567811967095814
190.70000000000002,0.0,0.0,2,20.938754904947757
190.8,0.0,0.0,5,20.66241144518156
190.9,0.0,0.0,3,21.444973566743272
191.0,0.31647370594646057,0.0,1,21.46974070867567
191.10000000000002,0.5150542304987272,0.26786531789599993,2,20.866466593717053
191.20000000000002,0.0,0.0,3,21.445712476407106
191.3,0.0,0.23267521103271005,1,21.218714405925923
191.4,0.0,0.21375846427885847,3,20.556604164726533
191.5,0.0,0.0,2,20.079917635835024
191.60000000000002,0.0,0.0,4,20.60816589220298
191.70000000000002,0.0,0.5121005918711368,2,20.300351791140383
191.8,0.0,0.3501851883854287,5,20.430001864495598
191.9,0.0,0.0,1,20.385968370363376
192.0,0.0,0.051474621283469885,3,20.35210437178441
192.10000000000002,0.0,0.0,1,20.48148446485719
192.20000000000002,0.0,0.086470542840068,4,19.922986562524482
192.3,0.0,0.0,5,20.401371455040536
192.4,0.4401700446742391,0.0,4,20.166651018474656
192.5,0.0,0.0,3,20.349740539096462
192.60000000000002,0.0,0.004218549570117449,3,20.566780275376388
192.70000000000002,0.0,0.0,4,19.903463833676827
192.8,0.0472819782808232,0.0,5,20.18015140896181
192.9,0.3893313147823923,0.0,5,20.240983004700492
193.0,0.0,0.0,2,20.113491635018136
193.10000000000002,0.0,0.17063306128263836,5,20.472080126206667
193.20000000000002,0.0,0.049496109528020936,1,19.960809376243475
193.3,0.0,0.0,2,20.001620786170943
193.4,0.6592244286592255,0.17579279461413025,1,20.0637832461426
193.5,0.0,0.09612171866946947,2,20.563563901530514
193.60000000000002,0.0,0.2893126582502735,4,19.983040628963952
193.70000000000002,0.0,0.0,4,20.260142188084725
193.8,0.03222609643372926,0.0,4,20.70835063970889
193.9,0.0,0.0,3,20.084561285916777
194.0,0.0,0.0,3,20.432000125942544
194.10000000000002,0.0,0.19295397886048915,4,20.526852661814935
194.20000000000002,0.0,0.2599974744524268,2,20.23838301834197
194.3,0.0,0.19206103361733362,4,19.852690914667026
194.4,0.0,0.0,3,20.041951274647747
194.5,0.0,0.21662904253214688,3,19.38249045162681
194.60000000000002,0.0,0.0,3,19.526353980063583
194.70000000000002,0.0,0.1796234648244695,4,19.510759813253827
194.8,0.03950593895576254,0.0,2,20.361340795470483
194.9,0.0,0.14050666278677112,2,19.390276108806866
195.0,0.0,0.0,4,19.37758452353199
195.10000000000002,0.09123861191003363,0.23423352654122934,3,19.23446648520965
195.20000000000002,0.0,0.0,4,19.707434620648076
195.3,0.0,0.0,2,19.57413262001059
195.4,0.0,0.0,2,19.849235794315856
195.5,0.13278065333844385,0.0,4,19.725306723956308
195.60000000000002,0.0,0.018905513517693675,3,19.095378111279746
195.70000000000002,0.836382525781838,0.3612178235673923,3,19.213131004689895
195.8,0.0028471946479796673,0.5333810444640018,2,19.679424040514938
195.9,0.0,0.019431157417249555,2,19.19443726519336
196.0,0.0,0.2233362550135045,3,19.529349074511106
196.10000000000002,0.0,0.04641892758570745,1,19.104851993202853
196.20000000000002,0.0,0.09977663895364255,4,18.818377255242545
196.3,0.0,0.0,4,19.009906266609146
196.4,0.0,0.03901538508452043,1,18.78968109872426
196.5,0.0,0.10749574092128572,3,18.8668318936457
196.60000000000002,0.0,0.0,3,19.089044485097947
196.70000000000002,0.0,0.0,1,19.17452362898775
196.8,0.0,0.0,2,18.536266303991074
196.9,0.02459897419856566,0.16528066346610493,2,18.94858746925171
197.0,0.0,0.0,3,18.770149226489764
197.10000000000002,0.0,0.0,3,18.743951776650448
197.20000000000002,0.0,0.38240109381053955,3,18.84316303500228
197.3,0.0,0.23281203051718752,4,18.55307533042696
197.4,0.0,0.2698358097777411,4,19.03543243048968
197.5,0.0,0.004886368035606832,3,18.968183816581078
197.60000000000002,0.014904300604605847,0.06419951273720463,4,18.938517704491282
197.70000000000002,0.0,0.2004472333405851,2,18.361312649762286
197.8,0.0,0.3120511059061862,4,18.109709963069466
197.9,0.0,0.0,3,18.415847188283806
198.0,0.0,0.0,4,18.338917963200107
198.10000000000002,0.0,0.26188882028052957,3,18.1068691755766
198.20000000000002,0.0,0.0,2,17.92965965376888
198.3,0.0,0.0,3,18.26279402807085
198.4,0.0,0.0,2,18.146903575960675
198.5,0.0,0.0,3,18.467509068931886
198.60000000000002,0.0,0.0,3,18.453422868166104
198.70000000000002,0.0,0.41821885454649543,4,18.437616345998276
198.8,0.0,0.0,3,17.722593027762127
198.9,0.0,0.0,3,18.213709877528753
199.0,0.0,0.11761533503356632,2,17.82896365024859
199.10000000000002,0.0,0.19246903385331388,5,17.60997445454146
199.20000000000002,0.027816683628095695,0.18917763131092788,4,17.779419625836024
199.3,0.0,0.21472438878151434,4,18.150195469908315
199.4,0.0,0.0,2,17.711106729748728
199.5,0.0,0.0,3,18.28566205184415
199.60000000000002,0.0,0.1538063310884551,1,17.92264900172092
199.70000000000002,0.0,0.0,3,17.633030921031697
199.8,0.0,0.0,1,18.092550307256342
199.9,0.0,0.07975275288496281,3,17.84485336352377
200.0,0.0,0.15703701646207524,3,17.372428836341523
200.10000000000002,0.0,0.0,2,18.203189975887355
200.20000000000002,0.0,0.14294912997778902,3,17.66910066015086
200.3,0.0,0.0,4,17.59029422125672
200.4,0.0,0.1414915421728762,1,17.274235019740907
200.5,0.0,0.15538633847096575,4,17.826404433009344
200.60000000000002,0.0,0.3215830122238315,1,17.514018395373128
200.70000000000002,0.0,0.2706907295242406,1,17.45094862225581
200.8,0.0,0.2693143325220592,1,17.013789355376336
200.9,0.0,0.2887340638332477,4,17.31374787982316
201.0,0.0,0.058275796963189186,2,17.311425029753284
201.10000000000002,0.0,0.00643701740736794,4,16.82890896731568
201.20000000000002,0.0,0.17456341663566688,3,16.540070811432656
201.3,0.0,0.1464161902866045,1,17.08463428007687
201.4,0.0,0.0,4,16.432117890826184
201.5,0.0,0.08096468176165361,1,16.91664249589027
201.60000000000002,0.0,0.0,4,16.730792083578795
201.70000000000002,0.0,0.0,1,17.224497400860823
201.8,0.0,0.25809214827527,2,16.648950542327842
201.9,0.0,0.011039848506017844,4,17.08930830324893
202.0,0.0,0.40974165153977016,5,16.460292600400003
202.10000000000002,0.0,0.0,2,16.908663808245255
202.20000000000002,0.07337079699840748,0.0,4,17.225775603211506
202.3,0.0,0.006527767338174284,1,16.279199026885816
202.4,0.0,0.2274762195257828,4,16.605520139049773
202.5,0.0,0.07989387452043702,3,17.310092240720635
202.60000000000002,0.24635226381878528,0.062094550836150286,1,16.5446321508219
202.70000000000002,0.020991171668583164,0.0,2,16.540165436266726
202.8,0.0,0.0,1,16.752355402638695
202.9,0.0,0.06450093205798095,2,16.500810534420534
203.0,0.0,0.0,2,15.970518579655135
203.10000000000002,0.0,0.0,3,16.81657677287294
203.20000000000002,0.0,0.10018346581717151,5,15.836819805308455
203.3,0.0,0.0,1,16.30690260748922
203.4,0.0,0.3210711924723613,3,16.68138391210201
203.5,0.6234639462589404,0.24478726884757804,3,16.180335336273323
203.60000000000002,0.0,0.0,5,16.07352989412409
203.70000000000002,0.0,0.0,3,16.53976272246134
203.8,0.0,0.0,3,16.01499775186267
203.9,0.0,0.0,3,15.89801703289929
204.0,0.0,0.15327769531447988,2,16.290302860560523
204.10000000000002,0.0,0.0,1,16.147467459324123
204.20000000000002,0.0,0.0921594487231935,2,15.79292235774988
204.3,0.0,0.0,1,16.351534793388254
204.4,0.0,0.15959505091638107,3,16.241025547015717
204.5,0.0,0.0,2,15.988221793424026
204.60000000000002,0.0,0.0024339364565810397,3,16.002410216628427
204.70000000000002,0.0,0.0,1,16.225404825495442
204.8,0.0,0.0,5,16.4358764039993
204.9,0.0,0.0,4,15.988414777074102
205.0,0.0,0.19355889380068522,1,16.199628201731304
205.10000000000002,0.0,0.07979843150033912,2,16.140718708917028
205.20000000000002,0.0,0.21000980831068536,3,16.15950590012104
205.3,0.0,0.06493164710050367,1,15.880472216990182
205.4,0.0,0.028598126961843297,2,15.580077041088579
205.5,0.0,0.0,2,15.709662983010583
205.60000000000002,0.0,0.0,5,15.945910428736475
205.70000000000002,0.0,0.0,4,16.38323898523917
205.8,0.0,0.39062143965451485,3,15.55693553995528
205.9,0.0,0.13739132641973548,3,15.892520663264134
206.0,0.0,0.3072122363419057,5,15.445037678753634
206.10000000000002,0.0,0.11950754117894564,5,15.531605282061017
206.20000000000002,0.0,0.0,5,15.947959362065264
206.3,0.0,0.02342484322997027,1,15.70969890061311
206.4,0.0,0.04724472925284661,1,15.087160714536182
206.5,0.0,0.0,3,15.282709371581937
206.60000000000002,0.0,0.0,3,15.826223026956557
206.70000000000002,0.0,0.0,1,15.486828140517575
206.8,0.06603758406351745,0.32112396651302366,1,15.005092852079954
206.9,0.0,0.0,4,15.09903270821925
207.0,0.0,0.24116368414320866,4,15.470355448950468
207.10000000000002,0.0,0.0,2,15.5526630853112
207.20000000000002,0.0,0.0,4,15.254732433761454
207.3,0.0,0.23598842600769282,3,15.908346247704706
207.4,0.0,0.14637961384687623,4,15.359297944389287
207.5,0.0,0.250903740476238,2,14.950501353018346
207.60000000000002,0.0,0.16014038950911536,1,14.720638648583568
207.70000000000002,0.0,0.4119690003474804,2,14.530784321596908
207.8,0.0,0.11174476738889708,3,14.881940207115868
207.9,0.0,0.0,3,14.63001963642086
208.0,0.0,0.06858527546426851,1,15.251255995650013
208.10000000000002,0.0,0.24869382566919274,5,15.101487680805395
208.20000000000002,0.0,0.0,2,14.846928240867758
208.3,0.0,0.0,1,14.298726429710277
208.4,0.0,0.0,3,14.446179490410124
208.5,0.0,0.0,3,15.01997114338933
208.60000000000002,0.0,0.027615681683509363,2,14.460568392220711
208.70000000000002,0.0,0.0,4,14.961564971236005
208.8,0.0,0.010611862586523808,3,14.759203388832145
208.9,0.06463901886269352,0.17305795122704998,3,14.575839385701965
209.0,0.0,0.0,4,14.344951444951779
209.10000000000002,0.0,0.3354231740373742,1,14.411200488937782
209.20000000000002,0.0,0.0,3,14.491920062611108
209.3,0.0,0.23825213632636652,4,14.660924740916403
209.4,0.0,0.13502741128138415,1,14.036039528670088
209.5,0.0,0.0,2,14.21855162874085
209.60000000000002,0.0,0.5421588598081065,5,14.125763136035813
209.70000000000002,0.0,0.0,2,14.306871011102164
209.8,0.0,0.0,3,13.831282067740727
209.9,0.0,0.0,5,13.704606851884279
210.0,0.0,0.0,1,14.297526309261341
210.10000000000002,0.0,0.0,1,13.635713554203335
210.20000000000002,0.0,0.02052910570793286,4,14.46551324145908
210.3,0.0,0.0,4,14.029012229641566
210.4,0.0,0.1266450620230187,3,13.565088985726419
210.5,0.1312083490073046,0.0,3,13.892686326511596
210.60000000000002,0.0,0.0,4,14.146346130741149
210.70000000000002,0.0,0.0,4,13.86859788006871
210.8,0.0,0.0,2,14.030218811264032
210.9,0.0,0.0707541261782779,1,14.218452880392752
211.0,0.0,0.0,3,13.931593069315472
211.10000000000002,0.0,0.0326720709831601,4,13.696065471281415
211.20000000000002,0.0,0.26281499630492083,4,13.79571486129091
211.3,0.0,0.0,5,14.305748936372545
211.4,0.0,0.2122512517024236,4,14.311955053192598
211.5,0.0,0.0,3,13.196391387156996
211.60000000000002,0.0,0.3506389604131171,2,14.00873384349821
211.70000000000002,0.0,0.0,4,13.752476582289262
211.8,0.0,0.0,4,13.950636198608162
211.9,0.0,0.1374476900790577,3,13.45849047610779
212.0,0.43075588349597327,0.0,1,13.204066595947557
212.10000000000002,0.0,0.0,5,13.905868013516423
212.20000000000002,0.0,0.0,3,13.444206284568684
212.3,0.0,0.0,2,13.305992175374573
212.4,0.0,0.26843602624897084,3,13.233463610293917
212.5,0.0,0.0,3,13.805295510042056
212.60000000000002,0.0,0.004616131790084137,2,13.661358058769991
212.70000000000002,0.0,0.12498071893080864,4,13.808644736265169
212.8,0.0,0.03868971499835922,2,13.75780024862469
212.9,0.0,0.26197303388670684,1,13.339552312031492
213.0,0.0,0.0,2,13.440821964886602
213.10000000000002,0.0,0.0,4,13.304666656266068
213.20000000000002,0.0,0.11846590940266866,5,13.351647044717902
213.3,0.0,0.019862762990269928,4,13.114108985791415
213.4,0.0,0.0,5,13.517597631512785
213.5,0.0,0.10322880791727594,1,13.684748093448452
213.60000000000002,0.0,0.0,1,13.113418920745753
213.70000000000002,0.07634604919759702,0.0,3,13.745763171038595
213.8,0.0,0.0,2,13.39163016025249
213.9,0.0,0.2706138320332815,4,13.335886398343426
214.0,0.0,0.0,3,12.749980844832425
214.10000000000002,0.0,0.07911976695258847,5,12.68750687105705
214.20000000000002,0.0,0.006854362840044446,2,13.266901827438092
214.3,0.0,0.0,3,13.456856094835942
214.4,0.0,0.06194535582720045,3,12.994145515718422
214.5,0.048678053092984785,0.0951503983663064,2,13.667646806995629
214.60000000000002,0.0,0.11792784627148001,3,13.344091803618184
214.70000000000002,0.0,0.0,2,12.847434413621984
214.8,0.0,0.2732778823708877,2,13.03442659664465
214.9,0.0,0.0,2,13.764631427727455
215.0,0.0,0.13731354935063522,1,12.599395005853188
215.10000000000002,0.11440864495443515,0.1482147561364572,3,13.08782001670838
215.20000000000002,0.0,0.0,2,12.828949422648678
215.3,0.0,0.13209199047031006,1,13.090246732737977
215.4,0.0,0.0,2,13.254821860112726
215.5,0.0,0.0,2,12.755232504156124
215.60000000000002,0.0,0.2335483851055558,2,13.125393657328122
215.70000000000002,0.0,0.0,1,13.452591352773617
215.8,0.0,0.0,3,12.80262501839041
215.9,0.0,0.0,3,13.014723368591536
216.0,0.0,0.05444734506547762,3,12.580491482321317
216.10000000000002,0.0,0.0,4,12.759929357551668
216.20000000000002,0.0,0.10961338494143409,3,12.66114098323039
216.3,0.0,0.0,3,12.949775767242427
216.4,0.07599963443710567,0.0,4,13.073717761535898
216.5,0.0,0.0,2,12.675970996427262
216.60000000000002,0.0,0.37957745853174113,4,13.038982825384783
216.70000000000002,0.0,0.0,2,13.034534660157588
216.8,0.0,0.2170444527323263,2,12.753854667166381
216.9,0.0,0.007711033756863542,4,12.339087014219158
217.0,0.0,0.0,1,12.307016250599258
217.10000000000002,0.0,0.0,2,12.243522186037433
217.20000000000002,0.0,0.0,2,12.768659883857959
217.3,0.0,0.12072914779214772,2,12.076811793719262
217.4,0.0,0.2749222535153109,2,12.54845120923143
217.5,0.27478394214283985,0.07193616953726421,3,12.018262234927807
217.60000000000002,0.0,0.2374155357483511,4,12.50727045072904
217.70000000000002,0.0,0.0,4,12.262165819382561
217.8,0.2471448147175369,0.0,2,12.686839162067338
217.9,0.0,0.0,5,12.625963398122003
218.0,0.0,0.06288891817497048,3,12.68986479472975
218.10000000000002,0.0,0.0,2,12.694384567009987
218.20000000000002,0.0,0.1459545874068391,4,12.247372129821454
218.3,0.0,0.0,4,11.853467476591353
218.4,0.0,0.008606194664256288,4,11.879303919709635
218.5,0.048200311373609694,0.13737158220245124,1,11.532896483525171
218.60000000000002,0.0,0.0,3,11.830697370361934
218.70000000000002,0.0,0.4243262614660408,4,12.03184984460226
218.8,0.0,0.0,3,11.840228754559337
218.9,0.0,0.0,3,11.951008166071084
219.0,0.0,0.031618779715357204,3,12.139249294440337
219.10000000000002,0.0,0.006688693594630188,4,11.894917910535204
219.20000000000002,0.24178595613107523,0.0,2,11.678762068821856
219.3,0.0,0.19823822258533327,3,11.930181357064264
219.4,0.0,0.14948899428541115,1,11.623730155133948
219.5,0.0,0.05957523820476901,3,11.789165338377963
219.60000000000002,0.0,0.09003112678932954,4,12.240217997431992
219.70000000000002,0.0,0.0,1,11.753244011671702
219.8,0.0,0.3550981698480097,3,12.244329016677442
219.9,0.0,0.0,2,12.139605712684045
220.0,0.1507779995809876,0.02793033484317932,1,11.564295307420464
220.10000000000002,0.0,0.013004926237756023,2,11.397475430729992
220.20000000000002,0.0,0.1626560812129186,1,11.657891896456585
220.3,0.0,0.0,2,12.016749289102652
220.4,0.0,0.0,2,11.520787951084904
220.5,0.0,0.03136460321963864,4,11.926913154299807
220.60000000000002,0.020513532239853194,0.05624609844372083,4,11.996739287260793
220.70000000000002,0.0,0.29791988188952984,3,11.299805399490062
220.8,0.0,0.0,1,11.326360705157303
220.9,0.0,0.23093875334334402,5,11.663159389634869
221.0,0.0,0.47348287280542434,3,11.334290879558992
221.10000000000002,0.0,0.0,1,11.08019953111717
221.20000000000002,0.0,0.0,4,11.177646538333999
221.3,0.0,0.0,2,11.259428798971443
221.4,0.0,0.002800993474276147,3,10.807479972216845
221.5,0.0,0.11275757500138293,3,11.466330428411936
221.60000000000002,0.0,0.0,2,11.09033624997786
221.70000000000002,0.0,0.3110397068294684,4,10.292456838668807
221.8,0.26266045807059024,0.0,2,11.152790255547364
221.9,0.0,0.0,1,10.934823218643935
222.0,0.0,0.22134208485746348,5,11.58750487429918
222.10000000000002,0.0,0.0,5,10.902605288064299
222.20000000000002,0.0,0.0,3,10.746327601271307
222.3,0.0,0.6235362258416097,3,11.017538056119
222.4,0.0,0.0,1,10.664505609231394
222.5,0.0,0.0,4,10.62628569112251
222.60000000000002,0.0,0.0,1,11.010456864759718
222.70000000000002,0.0,0.0,1,10.542951321698673
222.8,0.0,0.032129988070623304,3,10.40468564966422
222.9,0.0,0.13245259643192395,1,11.313008632221797
223.0,0.0,0.0,1,10.966572739970141
223.10000000000002,0.0,0.33750961104735877,2,10.598472161566429
223.20000000000002,0.0,0.04902285687452357,1,10.657918532692522
223.3,0.0,0.14535880928036077,1,10.759844312703358
223.4,0.0,0.0,1,10.897685568846317
223.5,0.0,0.2572764273991067,2,10.290733352577329
223.60000000000002,0.0,0.0,4,10.625010039587714
223.70000000000002,0.0,0.055510502698706346,4,10.342292528723844
223.8,0.0,0.0,3,10.435259959446777
223.9,0.0,0.0,3,10.537813796117973
224.0,0.0,0.13764106129057652,1,10.439374664435121
224.10000000000002,0.0,0.0,1,10.659722495079572
224.20000000000002,0.2061567892522821,0.0,2,10.610341190492173
224.3,0.0,0.0,3,10.009428464207641
224.4,0.061926881513375,0.13979061434348425,4,10.009728899324228
224.5,0.0,0.0,3,10.30384585933334
224.60000000000002,0.0,0.0,2,10.961034475624446
224.70000000000002,0.0,0.0030055500574194018,1,10.153654557380825
224.8,0.0,0.0,4,10.344353826914707
224.9,0.0,0.0,2,10.24360639084056
225.0,0.0,0.06725557784951251,4,10.213568942658357
225.10000000000002,0.017692119744950663,0.0,3,10.43252836315513
225.20000000000002,0.0,0.2113449822560837,4,10.726543166088481
225.3,0.0,0.19336142085010888,5,10.37638066903389
225.4,0.0,0.14383373327108745,5,9.948349499814245
225.5,0.0,0.36395435746251953,3,10.891844609231478
225.60000000000002,0.0,0.0,3,10.087286189377838
225.70000000000002,0.0,0.1297763851807678,2,9.84512853644338
225.8,0.0,0.0,5,10.43978258949638
225.9,0.0,0.49047398257374475,3,9.709800933049735
226.0,0.0,0.3967267304872039,1,10.215083938665256
226.10000000000002,0.0,0.002376086903558388,2,9.452211008258967
226.20000000000002,0.0,0.07731724598103845,1,10.114627742327343
226.3,0.0,0.27185951987296114,3,9.653311779203673
226.4,0.0,0.0,3,9.978349936916034
226.5,0.0,0.0,2,10.159601570365094
226.60000000000002,0.0,0.1747979502013765,1,9.189062080817141
226.70000000000002,0.0,0.01568784921673402,5,9.904409488502992
226.8,0.0,0.03659888992905208,4,9.084873010820345
226.9,0.0,0.0,4,9.191460483117488
227.0,0.0,0.0,2,9.262665341481346
227.10000000000002,0.0,0.04722848197582022,4,9.637109514381581
227.20000000000002,0.0,0.18099240829883997,3,9.433672813497255
227.3,0.0,0.0,2,9.371732667210226
227.4,0.0,0.2872859039117734,1,9.368088311926225
227.5,0.0,0.0,2,9.499749862901037
227.60000000000002,0.0,0.0,1,9.520983418993644
227.70000000000002,0.0,0.0,5,9.646905765558605
227.8,0.0,0.0,1,9.862813628691875
227.9,0.0,0.15399374626704454,2,9.257211430846363
228.0,0.0,0.0,3,9.105462741232415
228.10000000000002,0.0,0.27361884736297964,2,9.352813996979464
228.20000000000002,0.0,0.3933833925016508,3,8.692555507108473
228.3,0.0,0.0,1,8.830478925494331
228.4,0.0,0.24994208403686372,4,9.248849305617648
228.5,0.0,0.0,2,8.91008802439435
228.60000000000002,0.0,0.2150443082363832,3,8.511479530674109
228.70000000000002,0.0,0.20945528171189254,4,8.355497990398359
228.8,0.0,0.17268745603797575,4,8.75783845929042
228.9,0.0,0.0,4,9.084161612159647
229.0,0.10081024288767149,0.0,3,9.087487098709856
229.10000000000002,0.0,0.0,2,8.780554584903854
229.20000000000002,0.0,0.0,3,9.348330937846177
229.3,0.0,0.0,4,8.712580289571166
229.4,0.0,0.024448600909413244,4,8.692675474747263
229.5,0.0,0.0,1,7.962387531798878
229.60000000000002,0.0,0.0,2,8.59678256935982
229.70000000000002,0.0,0.0,4,8.984969720062937
229.8,0.0,0.0,2,9.196927971886435
229.9,0.0,0.22429984236998568,2,8.402277533260664
230.0,0.0,0.0,2,8.788426911303088
230.10000000000002,0.0,0.0,3,8.962218800696673
230.20000000000002,0.0,0.0,5,8.649922004446926
230.3,0.0,0.06779870276188393,3,7.937380909809125
230.4,0.20153314611192585,0.09124989770570659,2,8.691420470033819
230.5,0.6471097267573391,0.0,1,9.016641107977945
230.60000000000002,0.0,0.20432704276552163,1,8.434228407731997
230.70000000000002,0.0,0.2872736068487508,3,8.544829470161023
230.8,0.0,0.0,3,8.272841460550968
230.9,0.0,0.0,2,7.846861035547339
231.0,0.0,0.0,3,8.92442223343349
231.10000000000002,0.12053392436079768,0.0,4,8.621648137012214
231.20000000000002,0.0,0.04478537478932128,2,9.085560557442772
231.3,0.0,0.0,2,8.861874605544074
231.4,0.0,0.0,5,8.496835489177368
231.5,0.0,0.30783944003498154,2,8.47395212251649
231.60000000000002,0.0,0.0,4,8.667218601061094
231.70000000000002,0.0,0.24868565562058498,3,8.70299481232262
231.8,0.0,0.0710676391180274,4,8.484531845876898
231.9,0.0,0.0,4,8.717907714362344
232.0,0.0,0.12706583904324126,3,8.253373521297021
232.10000000000002,0.0,0.0,4,8.041746380528615
232.20000000000002,0.0,0.0,5,8.319962499179152
232.3,0.07111873677463243,0.04899141863440079,3,8.389468293900599
232.4,0.0,0.09492669711335844,2,7.934330421069799
232.5,0.0,0.1415183643949239,2,7.845133816870328
232.60000000000002,0.0,0.23565056950960048,4,8.300365495948045
232.70000000000002,0.0,0.08162718255567128,3,8.015610856089047
232.8,0.0,0.0,1,8.086352963582693
232.9,0.0,0.0,1,8.026785249791855
233.0,0.0,0.5886096670537243,3,8.393258402084953
233.10000000000002,0.0,0.14489821207634554,2,8.26596313518469
233.20000000000002,0.0,0.4738574601622994,3,7.356949011946575
233.3,0.0,0.27908681643983707,4,7.474014096081335
233.4,0.0,0.048360414311149715,3,7.87148998741745
233.5,0.0,0.06028141395622349,1,7.77573820763402
233.60000000000002,0.0,0.0,1,7.581489304284832
233.70000000000002,0.0,0.0,2,7.251416386745304
233.8,0.0,0.003609450493644856,2,7.3855014380510555
233.9,0.0,0.24213491050843944,3,7.353292486679343
234.0,0.0,0.0,3,7.590218391519015
234.10000000000002,0.0,0.08239059981236191,2,7.989572425810661
234.20000000000002,0.0,0.1703182091786395,1,7.2144243572994435
234.3,0.0,0.0,1,7.111503162301179
234.4,0.0,0.0,5,7.3855634742378395
234.5,0.0,0.0,3,7.726487163868935
234.60000000000002,0.0,0.0,4,6.9817270036485555
234.70000000000002,0.0,0.0,4,7.850708934258497
234.8,0.0,0.0,3,7.36183644686151
234.9,0.0,0.28389113615956785,4,7.097347013587359
235.0,0.0,0.0,1,6.836443873067988
235.10000000000002,0.0,0.02529184381213801,3,7.518884277971694
235.20000000000002,0.0,0.0,2,7.254437675160381
235.3,0.0,0.2357731874073878,4,7.277270958950749
235.4,0.0,0.2622324593207233,1,6.8672910321389065
235.5,0.0,0.17281399642778938,4,6.98311426483474
235.60000000000002,0.0,0.061226910620551016,1,6.911390717252093
235.70000000000002,0.0,0.0,4,7.026124622968414
235.8,0.0,0.0,2,6.854374640013308
235.9,0.0,0.38870577622443947,3,6.464355560765585
236.0,0.0,0.0,3,7.742136834500777
236.10000000000002,0.0,0.1327292694065683,2,6.469299911053142
236.20000000000002,0.0,0.21191311452467945,3,6.861111874712611
236.3,0.0,0.0,5,6.274077433419066
236.4,0.0,0.20760250546319245,1,6.13638261214862
236.5,0.013584125965397043,0.1528426406677711,5,6.713653902940481
236.60000000000002,0.0,0.34559276707635306,3,6.6204654705062636
236.70000000000002,0.0,0.0,4,6.945684557279852
236.8,0.0,0.0,2,6.686178836104768
236.9,0.0,0.0,3,6.5204517497264
237.0,0.0,0.041770708506866344,4,6.265671761859259
237.10000000000002,0.0,0.011642545417011294,2,6.995459199517147
237.20000000000002,0.0,0.0,3,6.82349688531867
237.3,0.0,0.0,1,6.170028855903648
237.4,0.0,0.09409659922582131,1,6.5230377275017934
237.5,0.0,0.39446889581644,3,6.4224700797821095
237.60000000000002,0.0,0.09285024762460072,4,6.243740073215185
237.70000000000002,0.0,0.12182710381070272,3,6.5375227624887495
237.8,0.0,0.11448906123102037,1,6.516476212985711
237.9,0.0,0.07940933397647998,2,6.182502923008181
238.0,0.0,0.18633319337361898,2,6.092446218898031
238.10000000000002,0.0,0.07907473623713318,3,6.599222382894055
238.20000000000002,0.0,0.0,4,6.428579753854761
238.3,0.0,0.0,4,6.169629656834288
238.4,0.0,0.0,1,5.6583524934335365
238.5,0.0,0.0628258992901332,4,6.228567147411649
238.60000000000002,0.0,0.0,3,6.333991725719708
238.70000000000002,0.0,0.0628677366262861,4,5.276454065418123
238.8,0.0,0.08783002674008351,1,6.148300167857659
238.9,0.0,0.16663588625403636,3,5.891399707761285
239.0,0.0,0.25655899376779606,2,5.863859149159177
239.10000000000002,0.0,0.015601483695771502,2,5.651950439064033
239.20000000000002,0.0,0.0,1,5.878959228914599
239.3,0.0,0.0,1,6.340264969267712
239.4,0.0,0.008812513481319874,1,5.7850621118157255
239.5,0.0,0.0,2,6.207906329761617
239.60000000000002,0.0,0.27773290402049644,1,5.5830100511882765
239.70000000000002,0.0,0.028475582502093255,3,6.042320582994363
239.8,0.0,0.07627056691605699,1,5.789045665432271
239.9,0.0,0.27310529250525317,3,5.8024064375133815
240.0,0.0,0.0,1,5.698252623973157
240.10000000000002,0.0,0.114808386176806,5,5.849632581357377
240.20000000000002,0.0,0.0,5,4.886186739398326
240.3,0.0,0.0,2,5.2298321086779085
240.4,0.07212118771696885,0.0,3,5.7866322170196405
240.5,0.0,0.33312064273730546,1,4.936722556832282
240.60000000000002,0.0,0.0,5,5.389952887439876
240.70000000000002,0.0,0.13989284937914043,3,5.485536878741528
240.8,0.0,0.0,1,5.25275132478041
240.9,0.0,0.23599770593795732,2,5.214413429869876
241.0,0.0,0.21044223119141173,1,5.432581968533824
241.10000000000002,0.01877353274561322,0.019486822059460607,2,5.649292459446842
241.20000000000002,0.0,0.0,3,5.058359342768878
241.3,0.0,0.08000000112271329,3,5.146100354782298
241.4,0.0,0.4577581321760579,2,4.946050006745495
241.5,0.0,0.0,1,4.438445164657557
241.60000000000002,0.0,0.15640547751482553,2,5.154668385063385
241.70000000000002,0.0,0.0,1,5.392012643669968
241.8,0.0,0.0,4,5.416032875670083
241.9,0.0,0.0,1,4.8492527156578245
242.0,0.0,0.0,3,4.734416050669798
242.10000000000002,0.0,0.0,2,5.115850087620462
242.20000000000002,0.0,0.0,2,5.357593608871607
242.3,0.0,0.20583608722559343,3,5.0860978092801785
242.4,0.0,0.0,3,5.125892241585682
242.5,0.0,0.10795290256566842,2,5.345124120824992
242.60000000000002,0.0,0.0,3,4.7802999919604074
242.70000000000002,0.0,0.0,3,4.93551616490077
242.8,0.0,0.04047667411973904,2,5.4778629648086055
242.9,0.0,0.0,3,4.927907308327909
243.0,0.0,0.007942764343926937,3,4.603571414248835
243.10000000000002,0.0,0.0,1,4.782435798078448
243.20000000000002,0.0,0.09225441686356624,3,4.670507434881622
243.3,0.0,0.0,1,5.058587031630685
243.4,0.0,0.0,1,4.682131131039891
243.5,0.0,0.058789877588632425,3,5.012105968797128
243.60000000000002,0.0,0.0,4,4.709457455458362
243.70000000000002,0.0,0.0,4,4.29274489669567
243.8,0.0,0.0,1,5.021225940582646
243.9,0.0,0.12617512071923112,2,4.931202390695927
244.0,0.1082418852651661,0.3529827611101543,3,4.933441782621363
244.10000000000002,0.0,0.5584417735819923,1,4.389583966243392
244.20000000000002,0.0,0.018233629333287836,4,4.351089170224941
244.3,0.0,0.15764082815943736,4,4.65239716281378
244.4,0.0,0.0,5,4.987224819477592
244.5,0.0,0.3005468652611176,1,4.434248989318388
244.60000000000002,0.0,0.15524570094482124,2,4.506106713903644
244.70000000000002,0.0,0.0,4,4.281845849643574
244.8,0.0,0.24743616005780186,3,3.8323453246855355
244.9,0.0,0.0,4,4.585269690836361
245.0,0.0,0.0,1,4.56717159279396
245.10000000000002,0.0,0.09506698508549827,3,4.475797061685773
245.20000000000002,0.0,0.0,3,4.207593607502261
245.3,0.0,0.20432495287998964,1,4.372798206663797
245.4,0.0,0.0,3,4.4614347274041375
245.5,0.006575423457929608,0.0,3,4.679563154335142
245.60000000000002,0.0,0.0,1,4.4896982213589816
245.70000000000002,0.0,0.15190000750322444,2,4.161278329878727
245.8,0.0,0.0,3,3.749289964254525
245.9,0.0,0.0,3,4.188097473381032
246.0,0.0,0.0,4,4.218007310699303
246.10000000000002,0.0,0.0,2,4.353377197055188
246.20000000000002,0.0,0.0,2,4.546470059404964
246.3,0.0,0.0,5,4.111391649755066
246.4,0.0,0.4222592668199169,5,4.629114237739028
246.5,0.0,0.0,1,3.4706908431339984
246.60000000000002,0.0,0.0,4,4.123938437435852
246.70000000000002,0.0,0.0,1,3.7582387427785706
246.8,0.0,0.0,1,3.4252873034338878
246.9,0.0,0.12426934799382042,2,3.8951575755150416
247.0,0.0,0.1896285900944099,2,3.4549947358871766
247.10000000000002,0.3612959977713718,0.0,4,3.867481401354116
247.20000000000002,0.0,0.0,4,3.9260134124065322
247.3,0.0,0.2548880455697807,5,4.165855300791296
247.4,0.0,0.0,4,3.3777043531659987
247.5,0.0,0.3460643629714337,2,3.9868457223840794
247.60000000000002,0.0,0.0,3,3.743441990656074
247.70000000000002,0.0,0.039080644256664056,5,4.009351449758654
247.8,0.0,0.3837212667752416,4,3.442972098911381
247.9,0.0,0.0,4,3.1725518036468237
248.0,0.0,0.0,5,3.206703151566099
248.10000000000002,0.10634601226624396,0.05910233831806775,1,3.192796681741077
248.20000000000002,0.21589858612600854,0.0,4,3.7378029344881214
248.3,0.0,0.0,4,4.037259665766699
248.4,0.0,0.0,5,3.4244220138659935
248.5,0.0,0.0,2,3.782372516360347
248.60000000000002,0.0,0.2457713100401119,3,3.054400036699869
248.70000000000002,0.0,0.09221560645928703,3,3.534527450009245
248.8,0.0,0.05012564642066041,2,3.6640328921402885
248.9,0.0,0.16171420137802336,3,2.9748660350794767
249.0,0.0,0.0,2,3.347890462165709
249.10000000000002,0.0,0.0,2,3.6235827162710077
249.20000000000002,0.0,0.0,2,2.5284284872828438
249.3,0.0,0.00035660822092178045,3,3.8088288739343925
249.4,0.0,0.0,2,3.5140489649011277
249.5,0.0,0.0,3,3.6227156791922708
249.60000000000002,0.0,0.0,2,3.283633869887345
249.70000000000002,0.0,0.42491124596580276,1,2.7487481319738682
249.8,0.0,0.0,1,3.425556266507365
249.9,0.0,0.0,1,3.240332816852335
250.0,0.0,0.3451387585629542,3,3.1594708648072563
250.10000000000002,0.0,0.024368892826490796,4,3.4677837014721096
250.20000000000002,0.0,0.15068349468421857,1,3.3196823971532115
250.3,0.0,0.019965263019953584,1,3.6605755394469797
250.4,0.0,0.0,4,3.1301576535687596
250.5,0.0,0.0,2,2.876434750859143
250.60000000000002,0.6063669490760312,0.04109113740726057,5,3.045713076926481
250.70000000000002,0.0,0.0,4,3.2267318332903563
250.8,0.0,0.0,2,3.40658449493065
250.9,0.0,0.0,2,2.661512098674034
251.0,0.0,0.3489722813246987,3,2.9876542469209113
251.10000000000002,0.0,0.4809675084507946,1,3.307442860021868
251.20000000000002,0.0,0.04344158750568018,1,2.7378669696842084
251.3,0.0,0.0,1,3.089064745749033
251.4,0.0,0.0,4,2.9575280259503653
251.5,0.0,0.09370803230921383,3,3.064946537660876
251.60000000000002,0.0,0.35658112001302883,1,2.4162351621675446
251.70000000000002,0.0,0.0,3,2.4173919724366573
251.8,0.0,0.0,2,2.6649432070165595
251.9,0.0,0.13400993436310477,3,2.1543743081221076
252.0,0.0,0.19707994229000994,2,2.467279573077273
252.10000000000002,0.626402610039625,0.0,3,2.6796064598990568
252.20000000000002,0.0,0.03529683673259056,5,3.127223903578014
252.3,0.0,0.09024520322721977,1,2.6824236350767308
252.4,0.0,0.0,2,2.749036733713254
252.5,0.0,0.0,2,2.910670976021238
252.60000000000002,0.0,0.20318744471271125,2,2.2040618417519284
252.70000000000002,0.0,0.0,2,2.4438016831571447
252.8,0.25769085000353564,0.0,4,3.2379970269683467
252.9,0.0,0.0,5,2.4865021406029957
253.0,0.0,0.25216990399986194,2,2.760976969577168
253.10000000000002,0.0,0.12333279529422365,3,2.673932614566268
253.20000000000002,0.0,0.01759470942583378,3,1.9353909043623803
253.3,0.0,0.0,3,2.4718480805331176
253.4,0.0,0.0,2,2.4226078300980336
253.5,0.0,0.0,1,2.4774505280443364
253.60000000000002,0.0,0.0,3,2.152108463259375
253.70000000000002,0.0,0.0,2,2.0431456813744155
253.8,0.0,0.0,4,2.235297874938196
253.9,0.0,0.0,4,2.348641728058734
254.0,0.0,0.12197600943808379,1,2.6926962561322294
254.10000000000002,0.0,0.0,1,2.882277634262636
254.20000000000002,0.0,0.15898462277511183,5,2.702952346066854
254.3,0.0,0.2698270210226859,3,2.451974929064138
254.4,0.4125164054224565,0.21163401876482035,4,1.8494710245596777
254.5,0.0,0.09410196947571137,1,1.9966382433287135
254.60000000000002,0.0,0.002372535836156841,3,2.181398248402659
254.70000000000002,0.0,0.0,3,1.9285929835464761
254.8,0.0,0.14798881027586328,4,2.2420610582461418
254.9,0.2794358377397057,0.33594947644430584,1,2.247486945528991
255.0,0.0,0.06842120793008365,2,2.1693330337823427
255.10000000000002,0.0,0.3834518296852246,2,2.18808306423647
255.20000000000002,0.1938088488200791,0.0,4,1.622010464606594
255.3,0.0,0.0,5,2.1731599617088166
255.4,0.0,0.17104030154965252,5,1.6275278095339905
255.5,0.0,0.05285804203065021,5,1.5362493816375058
255.60000000000002,0.0,0.26275643531436155,1,1.8905089788061418
255.70000000000002,0.0,0.0,1,2.095572294137207
255.8,0.0,0.0,1,1.8771503630375344
255.9,0.0,0.0,2,1.7369236206231242
256.0,0.0,0.0,4,1.8236646624073305
256.1,0.0,0.0,4,1.771482695800945
256.2,0.0,0.19448879958360205,1,1.3278758622006677
256.3,0.0,0.174557482893922,3,1.2346300721504302
256.40000000000003,0.0,0.07260085696121538,5,1.5595129453579952
256.5,0.0,0.0,3,1.6070642901104248
256.6,0.0,0.0,1,1.5864534866812847
256.7,0.0,0.0,3,1.7858307946686316
256.8,0.0,0.2353066507575531,2,1.4398682864855281
256.90000000000003,0.0,0.0,3,1.673356766748829
257.0,0.0,0.0,2,1.4610386959217307
257.1,0.0,0.005959233024284888,1,2.0493877207642557
257.2,0.0,0.0,5,1.5265459977283484
257.3,0.0,0.2967487820407414,3,2.1055842531315654
257.40000000000003,0.5043498066081811,0.0,3,1.5537600261964102
257.5,0.0,0.0,5,1.3840086583350322
257.6,0.042720529381553685,0.0,1,1.1896248212086682
257.7,0.0,0.0,1,1.0265472014170474
257.8,0.0,0.0,4,1.161935650692838
257.90000000000003,0.1620397064511543,0.0,2,1.2170463026625855
258.0,0.0,0.23784529225115705,4,1.520045650287557
258.1,0.0,0.13344902948584839,2,1.1992251140772312
258.2,0.0,0.0,1,1.4131135525896836
258.3,0.0,0.27286524883417335,3,1.650634576294511
258.40000000000003,0.0,0.1325072066797226,1,1.1954952988514658
258.5,0.0,0.0,4,1.8455529656127339
258.6,0.0,0.0,3,0.8690308153619881
258.7,0.0,0.16359630889077229,5,1.122035097038888
258.8,0.0,0.0792733912934702,4,0.9789627566062764
258.90000000000003,0.0,0.03394955359413234,1,1.4103643360270857
259.0,0.0,0.0,4,0.4574476528918091
259.1,0.0,0.12158951340115082,3,0.6558935065508735
259.2,0.0,0.0,3,1.0565987549077702
259.3,0.0,0.0,4,1.554190827459702
259.40000000000003,0.0,0.289388829277396,3,1.0600418289642464
259.5,0.0,0.0,3,0.586804036862846
259.6,0.0,0.0,3,0.6330972906134281
259.7,0.0,0.0,2,1.4941231754416269
259.8,0.0,0.19885976533752467,1,0.7395782335602777
259.90000000000003,0.0,0.0509462274760419,3,0.6260292960305668
260.0,0.0,0.0,2,1.3521124517949634
260.1,0.0,0.0,1,1.212212161805479
260.2,0.0,0.09707198151063802,1,1.2587260031463121
260.3,0.0,0.0,3,0.5914791564018951
260.40000000000003,0.0,0.061133113728519185,2,0.39856593452945593
260.5,0.0,0.0,4,0.8960319383754468
260.6,0.0,0.0,2,0.9566041967927069
260.7,0.0,0.0,3,0.9654312638571002
260.8,0.0,0.0,2,1.2994902698834332
260.90000000000003,0.0,0.0,3,0.3358893292063475
261.0,0.0,0.04709115902222287,2,1.0982152861788101
261.1,0.0,0.0,5,0.5113041937486122
261.2,0.0,0.0,5,1.096997239994466
261.3,0.0,0.0,4,0.6977745696632562
261.40000000000003,0.0,0.30101240772166604,5,0.49571751083543725
261.5,0.0,0.0,2,0.5569265582559275
261.6,0.0,0.032559323619982504,3,0.29534952334119424
261.7,0.0,0.2990060619471675,4,0.6414812397869785
261.8,0.0,0.0,3,0.39754209083310404
261.90000000000003,0.06331841137919025,0.07879504517288048,4,0.8431813400901759
262.0,0.0,0.0,4,0.7993008273237519
262.1,0.0,0.0,5,1.1137232512823605
262.2,0.0,0.0,2,0.7171665130753474
262.3,0.04759808303748181,0.0,4,0.7666369364782258
262.40000000000003,0.0,0.5443824295812986,3,0.8489947906194428
262.5,0.0,0.16889117441433316,3,0.1843650545603915
262.6,0.046602824878191784,0.2203475723572418,2,-0.14105204401873905
262.7,0.0,0.09839869736729923,4,0.33265208170426475
262.8,0.0,0.0,5,-0.15416776237236018
262.90000000000003,0.0,0.07899159406466144,2,0.9824717633593484
263.0,0.0,0.21458592290146938,3,0.6114097140829268
263.1,0.0,0.0,2,0.823952474905467
263.2,0.0,0.19306533343222532,5,0.12913790523046437
263.3,0.0,0.14086724197081577,3,0.2286198829863622
263.40000000000003,0.1702359644639947,0.370408008962734,2,-0.1378426295857932
263.5,0.0,0.0,2,0.2648774416760256
263.6,0.0,0.0,3,-0.3646629636153171
263.7,0.0,0.0,1,-0.7629279568424336
263.8,0.0,0.2871141986327247,3,-0.23721318584657
263.90000000000003,0.0,0.0,5,-0.43664204268519474
264.0,0.21780989477939405,0.0,4,0.45789868049982024
264.1,0.0,0.017879055786322654,1,0.553264206415823
264.2,0.0,0.0,5,-0.41231775339572946
264.3,0.0,0.0015455786351369289,3,0.3955604561426728
264.40000000000003,0.0,0.18906235424717305,1,0.2854154950502311
264.5,0.0,0.0,1,-0.47093300541566285
264.6,0.0,0.0,1,-0.11708025927948544
264.7,0.0,0.40889631143998884,4,-0.17404911663735592
264.8,0.0,0.0,1,0.22439861958816
264.90000000000003,0.0,0.0,2,-0.36863380527150413
265.0,0.0,0.2207440027445193,4,-0.029661787697844725
265.1,0.10901935160288034,0.0,3,-0.19608974215351818
265.2,0.0,0.0,4,0.15169296204354155
265.3,0.0,0.0965580248120636,4,-0.06503760950637878
265.40000000000003,0.0,0.21671662062199915,1,-0.16057371118211855
265.5,0.0,0.0,4,-0.06398897268962339
265.6,0.0,0.30399040118285986,2,0.6108128498520337
265.7,0.0,0.0,3,-0.12506989083581674
265.8,0.0,0.15195744739061545,3,-0.3123015654851361
265.90000000000003,0.0,0.0,1,0.17503007074678956
266.0,0.0,0.2744542633215983,5,-0.04305740082688698
266.1,0.0,0.02840889576610905,3,-0.4245701792599417
266.2,0.0,0.0,1,0.6694489005607398
266.3,0.0,0.13256821860432652,5,-0.10574368367599436
266.40000000000003,0.0,0.17863766944145035,3,-0.11336083618840527
266.5,0.0,0.12837882457172764,3,0.0479506055724292
266.6,0.0,0.0,3,0.5190350307626518
266.7,0.0,0.0,4,-0.5039235979556986
266.8,0.0,0.0,1,0.08279575482616192
266.90000000000003,0.0,0.0,2,0.6261816485380882
267.0,0.0,0.14994909508766954,3,0.038618604221894504
267.1,0.0,0.0,1,-0.37060019379104403
267.2,0.0,0.06686541091070068,4,-0.18551905588819578
267.3,0.0,0.0,2,0.062064758927037146
267.40000000000003,0.0,0.0,2,0.3992411746919586
267.5,0.0,0.0,1,-0.10180075332481821
267.6,0.0,0.0,4,0.2479955392297295
267.7,0.0,0.0,4,-0.43061064811406674
267.8,0.0,0.0,2,-0.43311551087851635
267.90000000000003,0.0,0.0,3,-0.14484020660548488
268.0,0.0,0.10655664186452485,2,0.43140861656197865
268.1,0.0,0.0,3,0.020662391854130758
268.2,0.0,0.0,1,0.08694335866998572
268.3,0.0,0.3084553255322604,3,0.08342387867205808
268.40000000000003,0.0,0.1988703039630847,3,0.3327623947760192
268.5,0.0,0.18045427998869054,5,-0.1830662077613562
268.6,0.0,0.0,2,0.2064855325464697
268.7,0.0,0.10860645585793048,4,-0.249264799156539
268.8,0.0,0.0,3,0.5949817967762281
268.90000000000003,0.0,0.0,5,-0.24011733128900692
269.0,0.0,0.08193706874930991,2,-0.26471679092358624
269.1,0.0,0.0,2,0.16490094404641487
269.2,0.0,0.2986006208886407,4,0.023936529429697147
269.3,0.0,0.0,1,0.0980557218782803
269.40000000000003,0.0,0.123672113251933,1,0.06819413864769541
269.5,0.10510310915363152,0.29112009585145965,1,-0.3271176596422316
269.6,0.0,0.20633075491503503,4,0.4840076787238451
269.7,0.0,0.0,1,0.2680626617667327
269.8,0.0,0.08897917900197685,4,0.40768498538013476
269.90000000000003,0.0671539316542707,0.1701438788921294,3,-0.15849926673312728
270.0,0.0,0.17837260443214975,1,0.12495706341455141
270.1,0.0,0.0,2,0.05921053867040733
270.2,0.34277645385153943,0.0,1,0.4298078422208628
270.3,0.0,0.19891164714832432,3,0.3731774332811969
270.40000000000003,0.0,0.0,3,0.08301822117632607
270.5,0.0,0.0,3,-0.4302823727074891
270.6,0.0,0.3151751619003939,1,0.5338985661263067
270.7,0.0,0.0,3,0.16679623010704167
270.8,0.0,0.0,4,-0.18253111241734266
270.90000000000003,0.16863607459271235,0.0,4,0.13320504645285597
271.0,0.0,0.06654386591703758,4,-0.453328064535757
271.1,0.15777786837352564,0.0,2,0.3376429693577833
271.2,0.0,0.0,4,-0.4203264836085011
271.3,0.0,0.06664610699800436,2,-0.06625034761112478
271.40000000000003,0.0,0.2598299641095335,1,0.07333633488166494
271.5,0.0,0.13350961607399914,4,0.31165191359462807
271.6,0.0,0.0,5,0.031963402930312204
271.7,0.0,0.23568386351274412,3,0.19048886208376506
271.8,0.0,0.0,2,-0.008450072534865365
271.90000000000003,0.0,0.0,2,-0.009655785283284212
272.0,0.33360372577942715,0.0,3,0.05529683961821606
272.1,0.0,0.2876338402291404,4,-0.05671737625571238
272.2,0.0,0.03304801001298504,1,-0.5059710729244307
272.3,0.1470084790367967,0.0025043728659572676,4,-0.22153127379518778
272.40000000000003,0.34018235238677713,0.32744232894057074,2,0.07343245233350952
272.5,0.0,0.0,4,-0.07473630104661567
272.6,0.0,0.0,5,-0.04674272465457197
272.7,0.09416158030662974,0.0,2,-0.08445122345739732
272.8,0.0,0.07452963729601102,2,-0.25907951781954536
272.90000000000003,0.0,0.033298625423024905,4,-0.14792983829288817
273.0,0.05236068466450011,0.30854727345595523,3,-0.09204952331657841
273.1,0.23483333691148456,0.04869501542735405,3,0.006185344745568764
273.2,0.0,0.0,3,0.12265590546415382
273.3,0.0,0.00035897457562141704,1,-0.04964234379412935
273.40000000000003,0.358112835214704,0.023541483692191622,4,-0.2883468058889281
273.5,0.0,0.0,1,-0.3988748501657563
273.6,0.0,0.5420663288669786,5,0.7792311622125673
273.7,0.0,0.1039742036203823,2,-0.3389445090793689
273.8,0.18825801934709963,0.04200166160451781,4,-0.15558750037931487
273.90000000000003,0.0,0.12303279685571607,2,0.15510009075418055
274.0,0.0,0.141882196117321,2,0.10825818286970426
274.1,0.0,0.0,2,0.15625970776847176
274.2,0.0,0.0,4,-0.13281512085965264
274.3,0.0,0.1198901372643408,3,0.07156742119186417
274.40000000000003,0.0,0.07714216810629049,4,0.018403099272259093
274.5,0.0,0.0,2,-0.09363941026238616
274.6,0.0,0.2838071222734528,3,0.07362292253140197
274.7,0.0,0.05867040726459667,4,0.31660966402521196
274.8,0.0,0.14596387245352613,1,-0.006660067030598437
274.90000000000003,0.0,0.2783841775359838,2,-0.004664146093073084
275.0,0.278866083983961,0.004377764232966956,3,0.3437771520726028
275.1,0.2067349445540302,0.06339040139682307,2,0.31817146342003766
275.2,0.0,0.1620054477012233,2,0.475180932289045
275.3,0.0,0.0,3,-0.5268690703438731
275.40000000000003,0.0,0.010810332569200254,2,0.27153575495081683
275.5,0.0,0.02510971733022981,4,0.18047401362065377
275.6,0.0,0.0,5,-0.2656957193259796
275.7,0.0,0.4635273577347756,3,0.07547637539965345
275.8,0.0,0.0,3,0.31533652432739956
275.90000000000003,0.0,0.0,1,-0.24874767674562007
276.0,0.0,0.26284531514071585,4,0.13276872870684214
276.1,0.0,0.1426532501593085,2,0.2614061027193052
276.2,0.0,0.0,3,-0.3213058687594464
276.3,0.0,0.12145780302033858,5,-0.042685707733544395
276.40000000000003,0.0,0.29357008899946196,3,0.09029051299272335
276.5,0.0,0.0,4,-0.23883945166288642
276.6,0.0,0.5197645800149164,2,-0.2637459597280638
276.7,0.0,0.0,1,-0.04051338055883226
276.8,0.0,0.1387646907718204,4,0.24049191507110756
276.90000000000003,0.0,0.23330566724420063,1,0.19312020035763292
277.0,0.0,0.17826878032104934,4,-0.25842381875590265
277.1,0.0,0.0,1,0.19565036553470583
277.2,0.0,0.0,4,-0.25078193284995254
277.3,0.0,0.08882903421745147,1,-0.4830509393980303
277.40000000000003,0.0,0.16315089733041388,3,-0.1101430713141694
277.5,0.0,0.12049468725647267,3,0.3368908114757207
277.6,0.0,0.20801157815867788,3,0.19678816564241206
277.7,0.0,0.0,2,-0.00047154221195827865
277.8,0.0,0.0,3,-0.12501164507731724
277.90000000000003,0.0,0.0,2,-0.11692864083492935
278.0,0.0,0.0,2,0.03263547175823885
278.1,0.0,0.20304417836286107,2,-0.3205312457537487
278.2,0.0,0.021596784145045768,3,-0.10443220356038917
278.3,0.0,0.521371832629954,2,-0.06467083840793064
278.40000000000003,0.0,0.03868127343794339,5,-0.4053223375354493
278.5,0.0,0.011938376115947254,3,-0.2515344752692725
278.6,0.0,0.021236583888043257,1,0.12315203744591444
278.7,0.0,0.0,3,0.002853551982298267
278.8,0.0,0.0,4,-0.09262853735801486
278.90000000000003,0.0,0.22555760542232917,1,-0.27342823126138904
279.0,0.0,0.02279413362555447,3,0.473054947676765
279.1,0.0,0.0,3,-0.2513937644037955
279.2,0.0,0.0,1,0.07547784217852123
279.3,0.0,0.0,4,-0.1463607264221386
279.40000000000003,0.0,0.014772686882176075,2,0.010883787791500552
279.5,0.0,0.2387173070952524,2,0.13728292258211178
279.6,0.0,0.0,4,-0.41107697676236576
279.7,0.0,0.0,3,-0.001984873246046401
279.8,0.0,0.028862003887015777,4,0.3572185946939536
279.90000000000003,0.0,0.0,3,0.5284505680476009
280.0,0.0,0.0,4,-0.03900419197653931
280.1,0.6993849188222787,0.0,4,0.059130023419891216
280.2,0.0,0.0,1,0.7100255234576296
280.3,0.0,0.03837790900432948,4,0.3743102166445962
280.40000000000003,0.0,0.0,3,-0.15135246303129804
280.5,0.0,0.0,1,-0.15186215194010305
280.6,0.0,0.08559252531052701,3,0.29226685567224026
280.7,0.0,0.34461494352925,1,-0.3033111390137191
280.8,0.0,0.32785130334835044,4,0.32631802540165594
280.90000000000003,0.0,0.0,3,0.1002899891253025
281.0,0.0,0.11541443676702792,5,0.15531622920812174
281.1,0.0,0.0,1,-0.07702014104401599
281.2,0.3280567121962409,0.03103106857307126,3,-0.17013053415861412
281.3,0.0,0.0,2,0.4574147488221836
281.40000000000003,0.36743910318496714,0.02351772597744045,3,-0.030382280534008654
281.5,0.0,0.030281479214403745,4,-0.0897354863711427
281.6,0.0,0.0,4,0.009503892231324085
281.7,0.0,0.0,4,0.09145162840493536
281.8,0.0,0.0,4,-0.2757025734319624
281.90000000000003,0.0,0.046851852891353116,1,-0.1515337919809649
282.0,0.0,0.11979926833685282,2,-0.18540962217181736
282.1,0.0,0.17066979546802932,3,0.2535840913820545
282.2,0.0,0.0,3,-0.2657887703999668
282.3,0.0,0.056768913460547354,1,-0.5267303573274161
282.40000000000003,0.0,0.1925005183906597,3,-0.5901283688718462
282.5,0.3266128581235909,0.23311897902882564,2,-0.4411140404027152
282.6,0.14469542341514247,0.0,2,0.42775418397645243
282.7,0.0,0.0,4,0.024154695026772297
282.8,0.028458864039941745,0.03822484676727844,2,0.1607203328994947
282.90000000000003,0.0,0.0,1,0.17129192271039226
283.0,0.0,0.0,1,0.027200777808350195
283.1,0.0,0.14891727969462604,4,-0.022434388995392462
283.2,0.2769323632922425,0.12838942588874022,5,0.3133579289454422
283.3,0.0,0.0,3,0.04379877429379198
283.40000000000003,0.0,0.04354364021743333,2,0.41972924377902426
283.5,0.0,0.0,5,0.18624898358695988
283.6,0.4173514805527864,0.14069842964500498,3,-0.18533888204430837
283.7,0.307063860921284,0.0,4,-0.12866928309956194
283.8,0.5451772114869513,0.0,4,-0.1614233793823211
283.90000000000003,0.0,0.0,2,0.42208040027379146
284.0,0.0,0.0,3,-0.06469936106030794
284.1,0.0,0.0,1,-0.1827259830815839
284.2,0.2523918357956877,0.13162860720051267,2,0.14252524180405426
284.3,0.0,0.0,4,0.017441651243887732
284.40000000000003,0.0,0.3185928192054763,4,0.08837055377254915
284.5,0.0,0.2930421006962762,4,0.566944171168153
284.6,0.0,0.0,3,0.2739212417786579
284.7,0.0,0.013940853885856044,1,0.008103166290571907
284.8,0.0,0.0,1,-0.42252701526180264
284.90000000000003,0.0,0.0,2,-0.1499887491625907
285.0,0.0,0.40048549352895946,3,0.21331383076359092
285.1,0.003924554650008405,0.0,3,-0.35096346259632194
285.2,0.0,0.07204520741548574,1,0.6422910888991061
285.3,0.0,0.10826425880165567,5,0.004324968790664593
285.40000000000003,0.16078948709973917,0.0,2,0.03609311624281068
285.5,0.0,0.0,4,-0.17855496941251603
285.6,0.0,0.0,3,0.1704599057025139
285.7,0.0,0.0,1,-0.32596197309194125
285.8,0.149533950373613,0.0,4,0.6808752658150121
285.90000000000003,0.0,0.10891648015872563,4,0.3952053913956034
286.0,0.0,0.410838768251214,3,0.29528893355911373
286.1,0.0,0.02956414780730539,3,-0.41712870173694283
286.2,0.0,0.0,1,0.061623981137325236
286.3,0.0,0.0,3,0.36272591940420124
286.40000000000003,0.0,0.0,5,0.17793161980732175
286.5,0.0,0.0,1,-0.30063273139013247
286.6,0.0,0.17203652767903135,2,-0.19502812659259658
286.7,0.0,0.1620520088750668,5,-0.13558084140179716
286.8,0.0,0.0,2,-0.18103135034658227
286.90000000000003,0.18044627529814267,0.14501620888950165,3,0.45863365071309214
287.0,0.0,0.30536253271545305,3,-0.5763039416469768
287.1,0.0,0.38051164104591195,3,0.19677574189765096
287.2,0.0,0.5730424046171926,2,-0.3876910124785353
287.3,0.0,0.0,2,-0.28837544623532035
287.40000000000003,0.0,0.5648440852790406,1,-0.6029200100606152
287.5,0.0,0.0,4,-0.16471632934765976
287.6,0.0,0.0,4,0.45321949546176404
287.7,0.0,0.06541447497556906,3,0.07944727273943339
287.8,0.0,0.0,3,-0.3595084640997291
287.90000000000003,0.0,0.07980882812930523,2,0.3051443023137937
288.0,0.0,0.0,1,0.3693912790706057
288.1,0.0,0.0,4,0.031213944311725677
288.2,0.0,0.25711644687233587,3,0.610424747445777
288.3,0.0,0.0,2,0.2464692373873843
288.40000000000003,0.0,0.028319157347976548,1,0.20479575218777643
288.5,0.0,0.09505172094346226,1,-0.24101361214988704
288.6,0.0,0.23413232586353205,2,0.18821954568640223
288.7,0.2628554715216418,0.0,4,0.08256108138279078
288.8,0.0,0.11690481036748696,5,0.15594870080130802
288.90000000000003,0.0,0.0,4,-0.2053756857423992
289.0,0.0,0.0333275790623677,5,0.038429665307696
289.1,0.0,0.21199003395247523,5,-0.2450584500644874
289.2,0.020056635032136616,0.0,3,-0.642356817986953
289.3,0.0,0.0,2,0.30127418250856536
289.40000000000003,0.0,0.0,4,-0.4489338826396111
289.5,1.0,0.0,2,0.16727208456749598
289.6,0.0,0.2660864688757633,2,0.1463209048729449
289.7,0.40793451881087184,0.0,2,0.19878039400198888
289.8,0.0,0.0,3,0.01588755035386162
289.90000000000003,0.0,0.0,2,0.1821744982085255
290.0,0.0,0.0,1,0.24210095975221146
290.1,0.0,0.0,3,0.3213000667353202
290.2,0.0,0.07776378205274266,4,0.5949215463347506
290.3,0.0,0.0,3,0.14514727032340863
290.40000000000003,0.0,0.22252686104066038,4,0.01992793838722847
290.5,0.026797325859823418,0.0,1,-0.2641594511713446
290.6,0.0,0.017118940788905065,1,0.1329368206894736
290.7,0.0,0.0,3,0.2023678543629614
290.8,0.0,0.15456956770874464,3,-0.05769095528448816
290.90000000000003,0.23370663156567545,0.15663197755540215,3,0.16338375125521112
291.0,0.0,0.06701087038243428,4,-0.08775485806480253
291.1,0.0,0.1129578211815296,4,0.20129779562667716
291.2,0.0,0.0,5,0.27378069420892304
291.3,0.038314196463284045,0.10844060138180972,2,0.2695883600191456
291.40000000000003,0.010425839229719458,0.0,2,0.036743409739686116
291.5,0.47674461936067647,0.00044632443248040013,3,-0.26837180894114426
291.6,0.0,0.0,1,-0.13995531983706472
291.7,0.0069228406705692525,0.0,2,0.2230887979552284
291.8,0.0,0.0,2,0.7791852501875217
291.90000000000003,0.2599736328576496,0.0935380207717771,2,-0.054190904528019224
292.0,0.0,0.2621211825626927,1,0.13675130351644194
292.1,0.04179518060415871,0.2342203943339119,1,-0.16681576724382094
292.2,0.0,0.0,3,-0.2921901132747302
292.3,0.0,0.25784061028137467,3,-0.20289475907320875
292.40000000000003,0.0,0.0,4,-0.6247415930108015
292.5,0.0,0.12014660302911834,3,0.4060305188723252
292.6,0.0,0.0,1,-0.669039075874384
292.7,0.0,0.028395982774801067,2,-0.07914846912018984
292.8,0.3826608059586617,0.06274463657938142,1,-0.2723103658758337
292.90000000000003,0.14668611623732802,0.0,4,-0.17440712787438378
293.0,0.10126172802215413,0.12165343326883787,4,0.4700631958008911
293.1,0.0,0.26918700156766306,2,0.060320097009417595
293.2,0.0,0.0,2,-0.28961884775451013
293.3,0.13900695749753278,0.27203362616560256,5,-0.17685513974895326
293.40000000000003,0.10840301636002964,0.0,3,-0.2200085424561786
293.5,0.348151102856664,0.16991690620932345,4,-0.013063701623664182
293.6,0.0,0.0,2,0.05186750543630774
293.7,0.0,0.4837555558626927,2,0.568672431968568
293.8,0.0,0.2990916490485914,4,-0.574890229799312
293.90000000000003,0.0,0.0,3,-0.010443694427385736
294.0,0.16321806983690662,0.0,3,-0.08016203488596498
294.1,0.0,0.05760567366109784,3,0.2839645583150348
294.2,0.022991219252651962,0.0,3,0.10848909938708706
294.3,0.0,0.0889707075114976,4,0.1771086624344836
294.40000000000003,0.0,0.08231314383285639,2,0.10352585580452477
294.5,0.0,0.0,2,-0.27959733758506183
294.6,0.0,0.22419340472287552,4,0.36337964894790387
294.7,0.0,0.1611149405612347,2,0.23955147138470068
294.8,0.0,0.1951646674577127,3,0.2746589375174229
294.90000000000003,0.0,0.0017715407337790757,4,0.37921505115214943
295.0,0.2580718077205848,0.0,5,0.13906635994068578
295.1,0.08775036423442129,0.19557445444222754,2,0.44429772123524786
295.2,0.0,0.0,2,0.11329187153599232
295.3,0.3874194321386576,0.0,4,-0.039889614264805404
295.40000000000003,0.0,0.2704078731948652,4,-0.0019811731450094174
295.5,0.4801952743116425,0.4198815041005019,4,-0.007153130440834939
295.6,0.15524446251835466,0.0,3,-0.14201788884775357
295.7,0.0,0.43182423092065836,2,0.4895666545110662
295.8,0.23885418613518083,0.018262945722269924,3,0.10403244428902639
295.90000000000003,0.0,0.0,4,0.04356537249530256
296.0,0.0,0.0,4,0.1316261013308683
296.1,0.0,0.3274164815985485,1,0.893956355021144
296.2,0.0,0.0,2,-0.3395172565798978
296.3,0.0,0.14705386199499748,3,-0.2535115535148827
296.40000000000003,0.2805747597022269,0.0,5,-0.3992073180499801
296.5,0.0,0.0,3,-0.05481578912350652
296.6,0.0,0.2060499387939134,2,0.0736555329982081
296.7,0.0,0.0,1,-0.1395967555023232
296.8,0.0,0.0,3,-0.16191803944553101
296.90000000000003,0.0,0.22656093943496144,1,0.042721459988439694
297.0,0.0,0.31947945864432464,4,-0.15063234744890924
297.1,0.0,0.12893796065684668,4,0.09305274815485144
297.2,0.0,0.0,3,0.3342703040227813
297.3,0.5964110737931247,0.0,2,0.2826306174459919
297.40000000000003,0.1671785867264945,0.015983052748007497,4,0.3496429006162163
297.5,0.0,0.06418601238513151,2,0.389718927092113
297.6,0.31038418029286746,0.0,2,0.19017632182123445
297.7,0.0,0.14460758791597278,5,0.009532799996201075
297.8,0.024564393645120974,0.01710266592791981,4,-0.17861414547205523
297.90000000000003,0.0,0.0,4,-0.06429173336292326
298.0,0.0,0.0,1,-0.1040440041402497
298.1,0.31952651508277535,0.0,1,0.35777036427299375
298.2,0.1047209684945645,0.0,1,0.27022861640808266
298.3,0.0,0.3778557591007992,2,0.24926869990873762
298.40000000000003,0.0,0.04763426122792566,4,-0.32373783735803807
298.5,0.0,0.0,2,0.4538880520815798
298.6,0.0,0.044126160861432645,4,-0.1184396375926548
298.7,0.0,0.0,2,-0.3203505207514807
298.8,0.0,0.06495164790670838,2,-0.13176532944654382
298.90000000000003,0.7843887153868042,0.11611353740712303,5,0.748259350127841
299.0,0.4274205766052731,0.24184612944478762,2,-0.11631505994747027
299.1,0.06285590855718862,0.0,2,-0.08914815363365249
299.2,0.0,0.3277921055199667,2,-0.05763140418890282
299.3,0.0,0.1816045325072383,1,-0.044586115029436595
299.40000000000003,0.0,0.0,3,-0.23444281974037628
299.5,0.0,0.44197113314969283,2,0.04296392496183912
299.6,0.0,0.06539890265401957,3,0.32267847245949904
299.7,0.0,0.0,4,0.09428679464361213
299.8,0.0,0.3305826102460844,3,-0.33334958966999567
299.90000000000003,0.0,0.41555551703968896,1,-0.10330377148011252
300.0,0.0,0.0,3,-0.1654582200304889
300.1,0.0,0.0,1,0.01588184047044033
300.2,0.0,0.0,3,0.3991355014686951
300.3,0.5908853739873486,0.14294634550353996,3,-0.03979047628634723
300.40000000000003,0.05958608385846195,0.2555713310061028,1,-0.026446460661117235
300.5,0.0,0.11409746617271471,4,0.5332934456458288
300.6,0.03369034760002515,0.02034464169435396,5,0.2628617975014981
300.7,0.0,0.29960235406088553,4,0.17222438463196052
300.8,0.2746658227590732,0.0,2,0.6240615942917423
300.90000000000003,0.0,0.20618386767338143,3,0.14694337643820393
301.0,0.0,0.0,5,-0.5959581425932566
301.1,0.37538315501072195,0.08620459160217864,2,0.2711159508314782
301.2,0.0,0.0,4,-0.4562863233616945
301.3,0.0,0.0,1,0.15691781465517415
301.40000000000003,0.0,0.0,1,-0.49280687785178395
301.5,0.2650581508314817,0.2689708062361389,4,-0.14005662311997583
301.6,0.0,0.0,4,-0.10913535888296134
301.7,0.0,0.0,4,-0.23103573216952597
301.8,0.0,0.4241987131690219,5,-0.10465559915736
301.90000000000003,0.07505466354366594,0.1955695129308663,1,0.3097685161081657
302.0,0.33562744481503626,0.0,2,-0.16943554767252783
302.1,0.0,0.0,5,0.2082925471065447
302.2,0.0,0.0,1,-0.24494465135068177
302.3,0.3205796914534371,0.0,3,0.016396297465715803
302.40000000000003,0.0,0.0,3,0.17039783582822482
302.5,0.0,0.0,1,-0.2257125835085853
302.6,0.0,0.0,2,-0.3202703028488737
302.7,0.04337696314741535,0.011981051359287677,3,0.2206712040168266
302.8,0.0,0.0,4,0.41003176462413793
302.90000000000003,0.0,0.016582370634407987,4,0.04386056807674035
303.0,0.0,0.0,3,-0.06961389547480895
303.1,0.0,0.3003905930377192,3,0.046702616306516044
303.2,0.05094278856104803,0.28227137234912497,2,0.016643975629614144
303.3,0.0,0.1570691206020566,1,0.07287076221337543
303.40000000000003,0.0,0.0,2,-0.7584735300941142
303.5,0.05180450075864809,0.39707607905205866,1,-0.32073128734978895
303.6,0.0,0.0,2,-0.25356903163105615
303.7,0.0,0.0,2,0.04526028855346875
303.8,0.0,0.0,2,0.055763365086679915
303.90000000000003,0.0,0.45080762178422384,1,0.19085414660521083
304.0,0.12301238938201169,0.0,3,0.08820895937486539
304.1,0.0,0.0,3,-0.3792860890551193
304.2,0.0,0.0,1,0.44503581478594756
304.3,0.0,0.1891859170540757,5,0.38157549102670985
304.40000000000003,0.16947492016791865,0.19063525086587077,1,-0.37745918700807773
304.5,0.0,0.157815040279982,4,0.09981158831225487
304.6,0.34961598275918926,0.0,1,-0.08539638683712092
304.7,0.0,0.0,4,0.1348899400664854
304.8,0.0585395071523403,0.0,1,0.42483417701078086
304.90000000000003,0.36842156415025007,0.01677450035218673,4,0.7668420577842794
305.0,0.0,0.0,2,0.35319374093808253
305.1,0.0,0.0,4,0.2162905014375486
305.2,0.0,0.0,2,0.02586338192312737
305.3,0.0,0.0,1,0.18244984523197852
305.40000000000003,0.5894002634342365,0.0,4,0.5750339543376448
305.5,0.0,0.09328891936805227,1,0.12259285716016399
305.6,0.0,0.015809560430055845,5,-0.13509855930609765
305.7,0.0,0.0,1,-0.3551720881797656
305.8,0.0,0.03660258566229641,3,0.2724480051899242
305.90000000000003,0.0,0.0,4,0.19271978291703767
306.0,0.029504095370977437,0.02105572478193559,2,-0.0783241020311052
306.1,0.0,0.03012049856892676,2,0.4132121371326054
306.2,0.0,0.0,4,-0.021125396926811923
306.3,0.0,0.1991387508740724,4,-0.0013653858125250162
306.40000000000003,0.0,0.0,5,0.034028569251185296
306.5,0.03708513934655874,0.018061959841286994,2,-0.06733401392937031
306.6,0.6116072138508739,0.23288234810705408,3,0.08544893401629383
306.7,0.0,0.18513535154277388,2,0.3454545437799003
306.8,0.0021129724990742588,0.006866677713767096,2,-0.34274456943552684
306.90000000000003,0.19028362818040417,0.0,4,0.15924161675422957
307.0,0.0,0.18950238171511347,2,0.051647600881932314
307.1,0.5965758273678631,0.13493899556172398,2,0.08069292732521896
307.20000000000005,0.0,0.0,2,0.2961171239380656
307.3,0.5706895126127983,0.0,4,0.08739892256257484
307.40000000000003,0.0,0.0,5,0.21667836109622488
307.5,0.6475496237116198,0.030806368336717484,3,0.3346600360298648
307.6,0.23157658358720823,0.0,3,-0.010824634439433461
307.70000000000005,0.14392026554139442,0.22723827492850837,4,0.16408813561050556
307.8,0.017504167351838365,0.07181101869607331,3,-0.023284382917417634
307.90000000000003,0.0,0.26684583883453805,1,-0.03980453391596865
308.0,0.406488266325619,0.0,1,0.01177845207666553
308.1,0.0,0.22763006619352366,1,0.17384405285391458
308.20000000000005,0.0,0.0,3,0.05701332176934449
308.3,0.0,0.15551921235845445,4,0.1183632102950023
308.40000000000003,0.0,0.0,2,-0.005255208868724533
308.5,0.056233316828141505,0.04702705987323771,2,-0.48123630374109744
308.6,0.0,0.0,5,0.009410524829912541
308.70000000000005,0.4222072185582614,0.0,4,0.04720853445092919
308.8,0.0,0.08807079877558271,3,0.07277878114603806
308.90000000000003,0.0,0.0,2,-0.17811875810572259
309.0,0.0,0.0,1,-0.35864091499965356
309.1,0.24327727910115118,0.16922369385918676,1,0.19584803660886144
309.20000000000005,0.0,0.0,1,-0.07361592534871551
309.3,0.10962455252971301,0.0,2,0.07445586139195326
309.40000000000003,0.0,0.008379184230855296,3,-0.06414844965690264
309.5,0.4559556707054871,0.5273338283891177,1,-0.001818547732078441
309.6,0.3620544681981491,0.23070056995630878,1,-0.11513793618000562
309.70000000000005,0.17997744685310293,0.23251473363756806,1,-0.2904250767461484
309.8,0.0,0.08710926379847281,3,0.14211949823059714
309.90000000000003,0.18089352241561096,0.033297054515429414,3,-0.17595562042492485
310.0,0.0,0.0,3,0.054165849782192875
310.1,0.29356457134423186,0.0,2,0.16726041440110928
310.20000000000005,0.612330809522664,0.0,2,-0.050277400445423726
310.3,0.38197900968804815,0.0,1,-0.1335385442596554
310.40000000000003,0.0,0.0,2,0.9554517248403134
310.5,0.10069493080848332,0.0,4,0.07600636793089474
310.6,0.0,0.0,5,0.42136190679053365
310.70000000000005,0.18747804852338368,0.16375319416976322,3,0.778254969956313
310.8,0.13996050053752623,0.22135490372486577,5,0.36706699823872413
310.90000000000003,0.0,0.08295689241584824,3,0.012309173003690638
311.0,0.0,0.0,1,0.08230687551160253
311.1,0.0,0.0,5,-0.1473405980283602
311.20000000000005,0.0,0.0,1,0.3669502721027538
311.3,0.0,0.0,3,0.2723223325561531
311.40000000000003,0.12249711110769844,0.0,2,-0.0355539010681892
311.5,0.06869330154579123,0.0,2,-0.18471979180058457
311.6,0.0,0.0,3,-0.26843782012776984
311.70000000000005,0.0,0.0677951787336523,2,0.40128776024567525
311.8,0.39118217067730654,0.0,2,0.19360288385133895
311.90000000000003,0.6350608855241388,0.00210914234820512,2,0.305957514212493
312.0,0.0,0.22805011053424096,2,-0.08144038177551144
312.1,0.0,0.0,5,-0.27360730893954566
312.20000000000005,0.172977898253189,0.08374091565847368,4,0.43784533186868957
312.3,0.0,0.0,3,0.1616724965435089
312.40000000000003,0.0,0.0,1,0.42123070945378027
312.5,0.27595373076133445,0.177051264173192,4,-0.007340273196647595
312.6,0.0,0.17580283091140148,1,-0.02120688265226875
312.70000000000005,0.5098122314798291,0.0,2,0.33180283445299574
312.8,0.012763034455205914,0.0,2,0.33921924718281005
312.90000000000003,0.0,0.05624233651681301,4,0.34003675986691756
313.0,0.0,0.0,1,0.012206480511591608
313.1,0.0,0.11700426645755967,1,0.24612938896734118
313.20000000000005,0.0,0.05623840358205509,3,0.375748841402313
313.3,0.5876646142079442,0.36651224807120253,2,-0.031431603504460295
313.40000000000003,0.007419418759853982,0.0,3,-0.15338700524245127
313.5,0.16928989709883735,0.0,3,0.41853177572874567
313.6,0.373908863861595,0.0,2,-0.13077171541360516
313.70000000000005,0.0,0.12082149108780882,1,0.2141310317248294
313.8,0.1850776124030074,0.0,1,0.057115405766271325
313.90000000000003,0.0,0.06926254204497732,4,-0.5009152188955799
314.0,0.33679712901071474,0.0,4,0.4125857715263331
314.1,0.0,0.0,2,-0.7533486544266277
314.20000000000005,0.0,0.0,1,-0.5212311024345075
314.3,0.0,0.0,1,0.23220622459253804
314.40000000000003,0.17579398478485603,0.21690010605818513,3,0.1754545401358492
314.5,0.19210645899214301,0.0,4,-0.16113368597407168
314.6,0.0,0.1255360835748949,2,0.044346627090973464
314.70000000000005,0.0,0.332928364393255,3,-0.7594290137334013
314.8,0.0,0.052751116964515135,4,0.21209263934117986
314.90000000000003,0.0,0.0,5,0.07491764611607912
315.0,0.34688181847146066,0.09345044303655797,1,0.04765881458006489
315.1,0.0,0.0,1,0.06760403492228215
315.20000000000005,0.0,0.0,1,0.20932776283981733
315.3,0.0,0.0,4,0.05268097263371691
315.40000000000003,0.0,0.18525149821687847,4,-0.562216650819366
315.5,0.0,0.0,3,0.6588996703567567
315.6,0.0,0.03641964916317241,1,0.36024024582853537
315.70000000000005,0.0622492785696976,0.0,2,-0.3771834947771554
315.8,0.5511416136823187,0.08718952594309448,2,-0.05081889362669239
315.90000000000003,0.14615838573443166,0.0,3,-0.0050961843197514095
316.0,0.0,0.0,2,0.389368850555177
316.1,0.20564464645555797,0.17556520624782518,1,-0.5857499551455498
316.20000000000005,0.0,0.15815186244650586,4,-0.14038912344735746
316.3,0.0,0.0,2,-0.5188775789700952
316.40000000000003,0.0,0.0,3,-0.07621530256776833
316.5,0.0,0.5985621140121283,1,-0.14175026792547132
316.6,0.0,0.3491717940546272,4,0.023908220214813668
316.70000000000005,0.0936970923246554,0.1445349649776597,3,-0.181462319702755
316.8,0.0,0.0,5,-0.22530701741715725
316.90000000000003,0.0,0.0,3,0.18589700752894436
317.0,0.0,0.0,5,0.13640182228277412
317.1,0.27856695089391126,0.25277118781927765,4,0.16541950283347265
317.20000000000005,0.0,0.05250057817036677,3,-0.05307002714725282
317.3,0.348075201415704,0.0,5,-0.15295756392538604
317.40000000000003,0.0,0.0,2,-0.01709174121600692
317.5,0.0,0.22423762851398094,2,0.1503486210205357
317.6,0.0,0.3200195693640957,1,-0.6530339102915544
317.70000000000005,0.0,0.30566631269724914,3,0.1182335791112574
317.8,0.4337752031158182,0.1514064130107955,4,0.09274145620043937
317.90000000000003,0.2510981872215254,0.0,4,0.03538515097381979
318.0,0.4374123493867254,0.0,1,0.08858913977829008
318.1,0.2560968915066979,0.05943200476164432,2,-0.6221174450357265
318.20000000000005,0.0,0.0,1,0.01576192630524531
318.3,0.0,0.027996419264270905,3,0.6752169132981255
318.40000000000003,0.0,0.010779469406641276,1,0.1386621236327115
318.5,0.5842533715416169,0.0,5,0.07376457557403858
318.6,0.0,0.11148171137023713,2,0.13386222787867547
318.70000000000005,0.4118930246488566,0.12644326280637005,2,0.24799319161930553
318.8,0.41279044232706535,0.13646775641193185,4,0.32123708761054653
318.90000000000003,0.788651697924836,0.18931540071467734,3,0.06192387897254567
319.0,0.0,0.12081032898432464,1,0.21779333517484417
319.1,0.34412124055899085,0.0,3,0.6239010759803266
319.20000000000005,0.9730471383211108,0.0,1,0.6822600000119821
319.3,0.0,0.018224973450675374,5,1.0763967470142994
319.40000000000003,0.0,0.021539889821323696,3,0.1700926225607455
319.5,0.0,0.19964353119434597,2,0.8034298632823085
319.6,0.350244859962896,0.12873375060449818,3,0.05159061795302655
319.70000000000005,0.0,0.41546868791399066,1,0.25637121208772196
319.8,0.0,0.44129379597693447,4,0.22294591291400803
319.90000000000003,0.24366283675891934,0.015929916522784998,5,-0.14234482452807298
320.0,0.14399973764226182,0.0,4,0.04687759626584524
320.1,0.24129914983292836,0.24736649322545332,2,0.27313833073555227
320.20000000000005,0.16122854324384198,0.0,2,-0.19158413039439345
320.3,0.5850500337627913,0.0,1,0.6783255094415084
320.40000000000003,0.0,0.0,3,-0.23786918805363091
320.5,0.0,0.0,3,0.7594165599755397
320.6,0.0,0.12245396202107853,3,0.4370883080540845
320.70000000000005,0.4103418754643267,0.0,5,0.1316572961425801
320.8,0.4396141758970848,0.0,1,0.15500441612733964
320.90000000000003,0.2611341402673841,0.06863171083948331,1,0.17045331166145347
321.0,0.5552304287209298,0.12458880608266164,1,0.38835272440269814
321.1,0.0,0.1283083289872024,2,0.37176928713795504
321.20000000000005,0.7510995186856679,0.0,1,0.9631759407543319
321.3,0.6946932759177459,0.0,3,1.2389474693017313
321.40000000000003,0.38083423770757696,0.0,2,0.758934146077876
321.5,0.800492267552497,0.047974550456945014,1,0.642894284274282
321.6,0.0,0.2970954738545099,4,0.633816044832267
321.70000000000005,0.0,0.0,2,0.7425930523543405
321.8,0.0,0.0,3,0.4884700873250269
321.90000000000003,0.3811099361097865,0.0,2,0.4946253880678609
322.0,0.0,0.0,3,1.4774306203876988
322.1,0.3978868161654486,0.19339132906896334,5,0.8958180168302059
322.20000000000005,0.6442879219787683,0.10892491489986769,1,0.6905820008035366
322.3,0.37533894806958124,0.08988670318945241,3,1.1888853685966447
322.40000000000003,0.21194213212545807,0.18420516794619868,4,0.5431092058266882
322.5,0.0,0.0,3,0.5677922787218395
322.6,0.0,0.0,2,0.6556660232343781
322.70000000000005,0.6018387071185434,0.43714612334451486,2,1.3274453654406702
322.8,0.4149130777212721,0.0,3,0.7920937887035717
322.90000000000003,0.0887475868736173,0.14702642261081825,4,0.09233733913815223
323.0,0.0,0.0012763081926629955,1,1.1874292643967521
323.1,0.0,0.0,1,0.7324805759740755
323.20000000000005,0.0,0.0,2,0.26955808474797216
323.3,0.8736464818765479,0.0,2,0.8458471395046978
323.40000000000003,0.0,0.21122025033399783,2,1.0267277204366974
323.5,0.187229902705219,0.15765833132720075,2,0.9640363482959414
323.6,0.5155944608239937,0.18281543284480672,1,1.4588843165943643
323.70000000000005,0.0,0.0,1,0.6635114326609506
323.8,0.1888575000008078,0.32317449802446274,5,0.8356873641309481
323.90000000000003,0.49131705688021915,0.0,1,0.7428040232455331
324.0,0.1223276378232267,0.04256487973399375,2,0.4921196351231907
324.1,1.0,0.0,2,1.3537496009360837
324.20000000000005,0.0,0.0,5,1.2270470025406313
324.3,0.5443476878744445,0.2677184276591213,4,1.1201947804026007
324.40000000000003,0.05291074267002102,0.0,4,1.1666328294856276
324.5,0.4319741731454028,0.0,1,0.9481240166751816
324.6,0.30090315264827705,0.0039990972412838575,4,0.8707561256343521
324.70000000000005,0.0,0.0,2,1.1837295371156094
324.8,0.21832571321026817,0.6754765838165292,2,1.3247206551128403
324.90000000000003,0.0,0.135301495287995,3,1.41365954009584
325.0,0.3703709930812468,0.0,4,1.1945391107478132
325.1,0.249507025474604,0.0,4,0.9812759348324555
325.20000000000005,0.3868788317869565,0.0,4,1.079230530628268
325.3,0.5558326939570142,0.0,5,1.0313966592866044
325.40000000000003,0.28080336925719923,0.02298835435182635,2,0.7498906228786739
325.5,0.19416073532223072,0.2854657303189539,2,0.9957768278203846
325.6,0.0,0.2243378284775838,1,0.513134452384042
325.70000000000005,0.0,0.04581896632927588,4,0.8610685355496788
325.8,0.6131241612628038,0.0,1,1.5526057984325676
325.90000000000003,0.7141318228579796,0.05376247128243085,4,1.3382959460738049
326.0,0.04552027504402685,0.0,2,0.8205463809113297
326.1,0.16033177440580773,0.34367279915277515,2,0.9825476901959492
326.20000000000005,0.0,0.0,1,0.7539420013785356
326.3,0.6133641576526061,0.0,2,1.0672611368770706
326.40000000000003,0.4115926578048466,0.0,4,1.4257619616524937
326.5,0.9230768299926223,0.0,1,1.5554593720418866
326.6,0.0,0.1672968275929882,2,2.048995173143695
326.70000000000005,0.0,0.0,1,1.6614589079306206
326.8,0.24265646888787626,0.0,2,1.3972337376287227
326.90000000000003,0.40983546869934573,0.15854220354673296,1,1.595582592985009
327.0,0.06613354736296093,0.0,2,1.340481091979013
327.1,0.0,0.2115602015083837,4,0.9924008170549181
327.20000000000005,0.507283678049423,0.0,2,1.7899851148606407
327.3,0.44433391754297613,0.0,2,1.7601523977998574
327.40000000000003,0.0,0.0,3,1.3850933746100127
327.5,0.7003732298658654,0.07560925208557664,1,1.701108157755718
327.6,0.6274328146911387,0.49197439700587603,2,1.9108195227596536
327.70000000000005,0.21422851408733282,0.1562994478921264,3,1.759335414927056
327.8,0.193505002274901,0.0,2,1.0922519305121468
327.90000000000003,0.3844442612439074,0.22712411709829528,3,1.56268308011217
328.0,0.0,0.0,3,1.439260279497287
328.1,0.17714237693753496,0.27489699628551184,4,1.7435797730731177
328.20000000000005,0.0,0.1613352804328726,5,1.665171564630634
328.3,0.5180180338743928,0.0,1,1.8895400156198932
328.40000000000003,0.0,0.0,2,1.1585417514808436
328.5,0.7711070184772953,0.18887704456707796,2,1.2984842361200504
328.6,0.03884168910380792,0.030331454429003514,1,1.8681395439428308
328.70000000000005,0.08737288994393012,0.0,4,1.362195732743112
328.8,0.0,0.0,4,1.0832090093395716
328.90000000000003,0.059121976127022136,0.0,3,1.7046225662552548
329.0,0.7428979415171365,0.0,3,1.4466625475785941
329.1,0.0,0.44213794520315297,1,2.0003306406516748
329.20000000000005,0.6885652030044959,0.16098667814646514,3,1.5597466597637093
329.3,0.31413419918455443,0.43808340023768466,4,1.3938374043071988
329.40000000000003,0.0,0.17647941795799604,3,1.1761213420397005
329.5,0.0,0.20549586867053835,2,1.6956111567327952
329.6,0.8529149796393828,0.3948157375490048,3,1.2701046462766394
329.70000000000005,0.0,0.07545265186844528,2,1.0148087370065595
329.8,0.0,0.0,3,0.8991058840010069
329.90000000000003,0.6407099828542433,0.20653150332440245,3,1.1033696485162265
330.0,0.32234596862239295,0.29076804742437695,2,0.7781472739885156
330.1,0.0,0.0,4,1.380080067259692
330.20000000000005,0.27585386501254083,0.0,4,0.5472799869568538
330.3,0.0,0.027771206486176037,1,1.038645989811538
330.40000000000003,0.6318084637044395,0.16629977338633242,5,1.2417785491854898
330.5,0.6171651584232273,0.15961820973231233,3,1.1630034538612168
330.6,0.40655534967449497,0.0,4,0.8722624391391208
330.70000000000005,0.3395526173050455,0.38232121341266434,4,1.1806961521823482
330.8,0.9004979858611981,0.0,3,0.7968303908949917
330.90000000000003,0.19703102588686658,0.0,4,1.0690381224070113
331.0,0.0,0.0,1,1.2712813030432937
331.1,0.3792112076901235,0.5396657671874175,1,1.13581237817828
331.20000000000005,1.0,0.048414134057593476,3,0.8671564821963587
331.3,0.0,0.0,4,1.4288921312042584
331.40000000000003,0.058228263364964145,0.17278470999248918,4,1.0419147203008727
331.5,0.3705207446316886,0.15382715586200663,3,1.2204424134150778
331.6,0.18350853336831655,0.0,3,1.4725647331042968
331.70000000000005,0.0,0.16812134255667668,2,1.2930282205304005
331.8,0.6560674372676617,0.0,5,1.328781571468971
331.90000000000003,1.0,0.0,2,1.1838590370436073
332.0,0.2880273830056044,0.0,4,1.38341036922909
332.1,0.0,0.0,3,1.2092808255626657
332.20000000000005,0.0,0.36152616113413716,3,0.6618678140863974
332.3,0.3161346503419132,0.3282857255444629,2,1.0481886050103897
332.40000000000003,0.6556166504323471,0.013157729729792504,5,1.0648345207892693
332.5,0.40525341069383286,0.33258628943796753,3,1.0881846417444432
332.6,0.2153445139730139,0.0,5,0.8861339960991667
332.70000000000005,0.0,0.0,1,0.6960781867234799
332.8,0.0,0.011302129693111274,3,1.1176810679495834
332.90000000000003,0.5535605863631717,0.0,4,0.5636335107423225
333.0,0.5862849548976651,0.0,4,1.4343270380949873
333.1,0.0,0.22867962142991055,5,0.8510081465295981
333.20000000000005,0.8589417448598691,0.03002713079124062,1,1.213116031317287
333.3,0.4537482297597608,0.1424963528867609,1,1.3804980709023043
333.40000000000003,0.7850702907963767,0.2062761050554662,3,1.3911309769195497
333.5,0.0,0.07763715913094668,1,0.7653187833630796
333.6,0.0,0.0,5,1.4352099381265249
333.70000000000005,0.16897735947723358,0.0,2,1.3014303192139216
333.8,0.4307879150919484,0.02975612696146104,3,1.0482480463311339
333.90000000000003,0.9493266157581044,0.0,1,1.26704740054239
334.0,0.5143210712379802,0.01747828578402434,3,1.4315754084798464
334.1,0.1359232865540102,0.0,2,1.1602418757809398
334.20000000000005,0.0,0.5167147320333134,1,1.894255110684251
334.3,0.7272058091302023,0.0,2,1.920340580946653
334.40000000000003,0.0,0.0,2,1.6099588621274528
334.5,0.8887990214309274,0.06647536670392194,5,1.4326270571893087
334.6,0.12475932715507378,0.0,2,1.4571007852808087
334.70000000000005,0.8758466494680675,0.06321357394599024,3,1.8003856931618556
334.8,0.5122860114129253,0.11677660445680023,5,2.088657653547801
334.90000000000003,0.187014011726857,0.2568209390357795,4,1.3169991789189126
335.0,0.035151403639508305,0.0,5,1.1546698869617482
335.1,0.1076435746581606,0.0,5,1.959931563794414
335.20000000000005,0.41642919974674364,0.08575225177615277,3,0.9678818790585977
335.3,0.27705993807402696,0.15409271913744532,3,1.1746792653501925
335.40000000000003,0.00976660836072027,0.43868991005767716,1,1.2595090446327049
335.5,0.1821314502980539,0.19114079422277344,2,0.8259690281565744
335.6,0.28090667561394567,0.0,4,1.6464351722764787
335.70000000000005,0.0,0.0,3,1.5698252683188374
335.8,0.4349238101713511,0.0,4,1.169273875472948
335.90000000000003,0.0,0.0,4,1.7255576753232118
336.0,0.0,0.13104672570275214,2,1.7327405243209244
336.1,0.0,0.0513994891171661,4,1.2468324984025527
336.20000000000005,0.0,0.0,3,1.1455482442726528
336.3,0.0,0.0,2,1.9585943124316385
336.40000000000003,0.0,0.17550951069028414,4,1.4385240889820863
336.5,1.0,0.07033247099481181,2,1.4089302487040234
336.6,0.049986883077621835,0.11372892320255411,4,1.7064816026304606
336.70000000000005,0.33251942898976483,0.07658434201145262,3,1.3919902674619495
336.8,0.4226915284547349,0.3252861469217719,2,1.0976189243617809
336.90000000000003,0.3160035857126487,0.04720861276487401,4,1.2786504334607132
337.0,0.23367761000032397,0.0,3,1.5869365553693189
337.1,0.0,0.0,2,0.6776499007555213
337.20000000000005,0.847177799566662,0.04992189164194238,1,1.3981351015406125
337.3,0.9907597320028333,0.0,4,1.9654651758142905
337.40000000000003,0.0,0.0,1,1.3969361463338423
337.5,0.0,0.0,4,2.014277948606503
337.6,0.15917337416408195,0.0,2,1.9960403600481742
337.70000000000005,0.0,0.0,3,1.5519057866726254
337.8,0.4756226087412797,0.16193150602964823,5,1.3723394109213098
337.90000000000003,0.0,0.04614234981499251,1,1.4412619719302218
338.0,1.0,0.0203576667414655,3,2.4089072075962985
338.1,0.7526559317064997,0.061269506786404526,4,2.2015488218989536
338.20000000000005,0.362530602618787,0.01852551758978471,4,1.6947749900011555
338.3,0.6893588820870413,0.2485725125716629,3,1.4530718888619258
338.40000000000003,0.7219868186381846,0.024685836340729753,3,1.7265211940718044
338.5,0.055108807301853274,0.0,4,1.7681698501036804
338.6,0.0,0.3260259929748821,4,1.2132775270696479
338.70000000000005,0.31406396248015933,0.07406805346576915,4,1.6064920943815861
338.8,0.6285189597530015,0.0,2,2.0629501151973217
338.90000000000003,0.34054530661905325,0.0,5,1.1445250016144506
339.0,0.0,0.07918284419160909,2,1.9058523920048283
339.1,0.0,0.0,1,2.070257957601294
339.20000000000005,0.2584950583428907,0.31482935720648175,2,1.4191156200355808
339.3,0.25887001520372444,0.0,1,2.164513806451279
339.40000000000003,1.0,0.0,1,1.7157681053098737
339.5,0.0,0.17915924364718572,2,1.9953953962976438
339.6,0.49452115705110034,0.1850563785433663,1,1.8411515926891588
339.70000000000005,0.8889781054199911,0.033730273522039105,3,1.908781615577706
339.8,1.0,0.13527140953498168,1,2.0371815901329335
339.90000000000003,0.13366517218085527,0.0,2,2.449660614345857
340.0,0.4930397917712447,0.0467730202018494,1,2.6105088279373083
340.1,0.5254148369197021,0.23299817651278462,1,2.398866692734353
340.20000000000005,0.3767448799762589,0.12506366680430056,2,2.018622900173962
340.3,0.2600544059655669,0.0,3,2.570554741144614
340.40000000000003,0.47502174299810906,0.2704725091852302,5,2.511256976966462
340.5,0.0,0.0,4,2.31951685226914
340.6,0.5755339729673097,0.410414662284387,4,2.8461434848268956
340.70000000000005,0.35421281911605385,0.0,1,1.9111405898450355
340.8,0.21578596468274458,0.0,2,1.7437848452304618
340.90000000000003,1.0,0.0,1,2.4562623548236835
341.0,0.03686718592135052,0.0,4,2.890945285485836
341.1,0.14664099385281903,0.20128220800531094,1,2.3329217545986265
341.20000000000005,1.0,0.0,3,2.4441229825544384
341.3,0.0,0.05215336349661264,2,3.006176227663657
341.40000000000003,0.09090965905222534,0.0,2,2.871597558027391
341.5,0.2531712482702152,0.05902819586748333,5,2.8396185299816508
341.6,0.6492996079848357,0.0,4,3.0040569856538704
341.70000000000005,0.39714996354195875,0.018587130536595574,4,2.6621877332821557
341.8,0.0,0.0,3,2.675884366526666
341.90000000000003,0.10320405385116443,0.0,4,3.0392276300112804
342.0,0.07414907068087387,0.05745450280548539,3,2.380100530713536
342.1,0.2872205223773062,0.18874310115120888,5,2.092989375991193
342.20000000000005,0.4894632279838843,0.0,2,2.670922169429784
342.3,0.4874236144499363,0.0,3,3.1233285899869854
342.40000000000003,0.0,0.12269203313436741,3,2.8796646093351947
342.5,0.7477449564931495,0.0,2,3.1597158668778507
342.6,0.42420779356972566,0.1660996267971904,4,2.270374373500571
342.70000000000005,0.8780034751903185,0.0,5,3.0165621955794735
342.8,0.5028790912885119,0.0,3,3.1625907331804473
342.90000000000003,0.7667367468874271,0.0,2,2.6632359939998045
343.0,0.5138321869642319,0.0,3,3.3725656052643864
343.1,0.8667095546005266,0.0,4,3.138066433739332
343.20000000000005,0.5381233833852136,0.0,3,4.14054172035489
343.3,0.2910595903675384,0.14820339026728985,1,2.5939635753855703
343.40000000000003,1.0,0.0,3,3.746532659101136
343.5,0.6878416910779512,0.030094899754780198,1,3.390706349796774
343.6,0.5627231958178465,0.031526911688188795,4,3.0505515014397857
343.70000000000005,0.0,0.03899101848243747,2,3.3643467752692255
343.8,0.0,0.0,3,3.6054123966283442
343.90000000000003,0.45329936266480503,0.10212013808206272,4,3.829323882248144
344.0,0.3954148786477421,0.0,1,4.1398530946214915
344.1,0.0925492544443538,0.2798835853307766,1,3.9809369426680714
344.20000000000005,0.39558188840706804,0.0,2,3.31722914613218
344.3,0.9756287511394631,0.0,2,4.075699461309077
344.40000000000003,0.6193267803904599,0.037614671398354615,2,3.923776353207484
344.5,0.0,0.0,5,3.6097008694154518
344.6,0.2985337830758882,0.133066906901775,4,3.7177461740410616
344.70000000000005,0.02213442642036123,0.44192111520847555,4,3.4222301122538488
344.8,0.19002338054266438,0.0,5,3.656163282461629
344.90000000000003,0.1806380287860067,0.06647446664479696,2,3.4277816894155815
345.0,0.15600562559131803,0.0,2,3.358797885830791
345.1,0.0,0.09078104588826945,2,3.7803845998525127
345.20000000000005,0.29795694453814164,0.0,4,3.8448496843793527
345.3,0.1257511495041032,0.0,3,3.610844115368786
345.40000000000003,0.0,0.0,2,4.077131720333287
345.5,1.0,0.1464302452109471,2,3.67294356344213
345.6,0.7884198117862495,0.20146087149465253,3,3.662868341406266
345.70000000000005,0.2033614239685852,0.004677042931701533,3,3.9680643639515436
345.8,0.36237768214744115,0.0,4,3.754045310617694
345.90000000000003,0.0,0.3179046072207725,2,3.712937057847586
346.0,1.0,0.0,5,2.984409448309732
346.1,1.0,0.0,2,3.8785880497831036
346.20000000000005,0.4213867141538656,0.09167780199141368,4,3.3226301354855687
346.3,0.7690826932229968,0.0,5,3.545201851586638
346.40000000000003,0.4307449211347698,0.19772175869983497,5,3.4676296765646457
346.5,0.0,0.0,1,3.5551322777145713
346.6,0.1978160786060223,0.12074264810883924,2,3.689059831928676
346.70000000000005,0.41627204785734856,0.2803000693104316,3,3.6510199844862607
346.8,0.18263575460530773,0.0,2,4.020294202470633
346.90000000000003,0.27794605426390917,0.0,3,3.9121228319292816
347.0,0.3297986037405414,0.0,5,3.2923579586871203
347.1,0.33495662367104806,0.30751026380686874,1,3.874168723927836
347.20000000000005,0.3891595458576705,0.0,3,3.9789327875669693
347.3,0.0,0.0,1,3.7845645257632454
347.40000000000003,0.08334152083145363,0.09562811511116169,4,3.8382270709397446
347.5,0.0,0.0,5,3.9132686208370555
347.6,0.7631601088212683,0.030505176579523313,3,4.142906295843474
347.70000000000005,0.0,0.0,1,3.4407356856150346
347.8,0.8353499822034318,0.4428659885113193,4,3.747645892761081
347.90000000000003,0.9293913401428779,0.0,3,4.355742939415164
348.0,0.2549155833999449,0.0,2,4.361904227229213
348.1,0.0,0.0,4,4.191856262884793
348.20000000000005,0.2331315541253359,0.38253762687135917,5,3.9822131356857424
348.3,0.35291383068888793,0.0,3,4.34861477874227
348.40000000000003,0.0,0.39674082709575026,3,4.295015233512255
348.5,0.17435902349621168,0.15143536422040452,2,3.653411086305687
348.6,0.9934516226522383,0.08341906488464924,3,3.461514992629445
348.70000000000005,0.6482700446213192,0.0,2,3.757392661004718
348.8,0.01339764134689797,0.11422824840761475,2,4.7308849559298904
348.90000000000003,0.0,0.0,1,3.330761041361214
349.0,0.2542599724810519,0.25333225063968245,2,3.6095551408357296
349.1,0.3006036854396442,0.0,1,3.406770405018476
349.20000000000005,0.5853840258349314,0.0,3,3.9197280143066195
349.3,0.1736940719554388,0.0,3,3.536609478623719
349.40000000000003,0.5933354419376335,0.0,3,3.917208358318566
349.5,1.0,0.14826396338158285,2,3.4483843040682025
349.6,0.7167610619123829,0.1070917494819267,2,4.278222883749882
349.70000000000005,0.3722354290336084,0.24180203978019943,4,4.403497897718764
349.8,0.3191192566930333,0.0,3,3.949629748530876
349.90000000000003,0.2506172350735795,0.21283414046820878,5,3.9663428877361815
350.0,0.8664483242121312,0.5010897810713788,2,3.9060137279910987
350.1,0.14417047456918725,0.0,3,4.021790550482144
350.20000000000005,0.4140872498852513,0.379029722421794,1,3.939810685516848
350.3,0.41737805638110437,0.0,3,4.218463853031837
350.40000000000003,0.19708436025241682,0.0,4,4.3707401713878316
350.5,0.0,0.0,5,3.756265589871301
350.6,0.5287813451557568,0.2096407935350552,5,3.8656683995709673
350.70000000000005,0.3760843123758142,0.0,2,4.278763075238549
350.8,0.6014748443588024,0.0,3,3.6348982093090942
350.90000000000003,0.18882968396062413,0.11870788645863817,3,3.447046211977444
351.0,0.8914878669349364,0.0006120233477145711,3,4.184848845852157
351.1,0.053337763161553586,0.11692459049734816,1,4.240744938018776
351.20000000000005,1.0,0.047565908151667176,4,3.925605134786018
351.3,0.0,0.09592506391031459,5,3.93635880329757
351.40000000000003,0.5806093748728788,0.0,2,3.9589506495733744
351.5,0.5977550642975383,0.046346188406078515,2,3.9908087245669672
351.6,0.09023977601668126,0.0,1,4.482613488757626
351.70000000000005,0.579098356393716,0.2576867245006777,3,3.8856052304875277
351.8,0.922024789847072,0.0,2,4.282651079031026
351.90000000000003,0.0,0.2257694975098779,5,4.015044620451736
352.0,0.6130634002209089,0.0,3,3.904161295372888
352.1,0.0,0.04039980215146425,3,4.587932875197402
352.20000000000005,0.027441119658028146,0.0,3,4.172971666532741
352.3,1.0,0.0,1,4.651718147087512
352.40000000000003,0.18272917224938598,0.0,5,4.152058445850183
352.5,0.0,0.0,3,4.381447080389702
352.6,0.3379951914883241,0.0,5,4.848429486516222
352.70000000000005,1.0,0.04237583576577678,3,5.472092506099314
352.8,0.0,0.2020758626566527,4,4.035217195419958
352.90000000000003,0.0,0.0,1,4.567292734430008
353.0,1.0,0.0,3,4.8397412898540235
353.1,1.0,0.0,4,4.597419252286257
353.20000000000005,0.38094252742379997,0.09601272358082079,4,5.030009930279444
353.3,0.0,0.27663890306586864,4,4.4224341207213715
353.40000000000003,1.0,0.25326605359125776,2,4.7770517941264465
353.5,1.0,0.14198654962944748,5,4.579802938491608
353.6,0.6972898955252165,0.1277086634535198,5,5.096394488705454
353.70000000000005,0.10159493302911371,0.3395247559418682,1,4.441095473804406
353.8,0.40778720222970394,0.0664162922833621,5,4.537592481196274
353.90000000000003,0.3640962625126394,0.12922593520483433,2,4.931872265055161
354.0,0.5614204601818458,0.0,3,4.389197080865543
354.1,1.0,0.0,2,4.851096255040133
354.20000000000005,0.7825208892914133,0.0,5,4.32494760201649
354.3,0.0006381264418052757,0.0,1,4.544991719109421
354.40000000000003,0.9830198952891276,0.012157074500260571,3,5.068832081940326
354.5,0.5585051996474931,0.38525717097107864,2,4.602508143401776
354.6,0.70890795733792,0.016255433518213742,2,4.824935945602478
354.70000000000005,1.0,0.2357686888051288,3,5.146002229798729
354.8,0.0,0.0,1,4.823787543815364
354.90000000000003,0.4222288623782901,0.0,4,5.27201178956511
355.0,0.22479960353183986,0.0,5,5.101308601908313
355.1,0.0,0.0,4,5.166773527230638
355.20000000000005,0.5777048236891343,0.10539627827275062,4,5.411198779709765
355.3,1.0,0.0015120360788266531,2,5.267143673941212
355.40000000000003,0.0,0.18858772397944676,2,5.569417887085862
355.5,0.428554522311108,0.036250789669010054,3,5.406595952949637
355.6,0.6984957247303738,0.0,1,5.161884934066273
355.70000000000005,0.49231984621889147,0.42965937275739174,5,5.589298813505786
355.8,0.39864558705240605,0.0,1,5.386242533284247
355.90000000000003,0.0,0.23260019394106082,5,5.110544560390669
356.0,0.5386226602535465,0.0,1,5.455513597073857
356.1,0.14360527834298853,0.1419198958767133,4,5.667347344017272
356.20000000000005,0.0,0.1856031318303374,1,5.407688227646583
356.3,0.9257482105654797,0.041698394115116146,1,6.050266521220583
356.40000000000003,0.832063191033745,0.0,4,5.884332551870172
356.5,0.47016899973944554,0.0036504921712225895,2,5.776134659449488
356.6,0.5419284321655444,0.2460920095519951,4,5.264790511383372
356.70000000000005,0.8808179086601107,0.10549616660554609,3,5.561158233171945
356.8,0.541616908613528,0.08916777504584933,1,5.750613192431403
356.90000000000003,0.8142766026116492,0.0,5,5.980831267748724
357.0,0.33446342448469246,0.0,3,5.99206110990489
357.1,0.9790347105663055,0.08227152623028781,4,5.888850592749541
357.20000000000005,0.5833385988480402,0.08207665535737842,3,5.897859794075743
357.3,0.5334263591589283,0.24293335602658056,3,6.043596762062214
357.40000000000003,0.0,0.0,2,5.5691593610721615
357.5,0.5721449971375302,0.08116481733476286,2,6.383896750383108
357.6,0.1253564826494296,0.0032748483862587406,3,5.270406727391012
357.70000000000005,0.20359932071298775,0.0,2,6.347587482835541
357.8,0.1335342860260788,0.0,2,5.914468175063512
357.90000000000003,0.03396085188344289,0.08620193842601534,3,6.202332856166645
358.0,1.0,0.034789441682562275,3,6.087260444685723
358.1,0.9945254954898703,0.0,1,6.34636303051608
358.20000000000005,1.0,0.0,2,6.5413310348123375
358.3,0.0,0.1259479028817476,2,6.57492132956051
358.40000000000003,0.4927800724153977,0.0,1,6.364108415327081
358.5,0.0,0.11137494447362913,2,6.735181386588803
358.6,0.18751714226090327,0.3728097060823517,1,6.024254547087715
358.70000000000005,0.0992997668624761,0.0,5,6.3524324459217825
358.8,0.9631377636934884,0.0,4,6.66817047346777
358.90000000000003,0.30956402154789675,0.0,1,6.797556610278867
359.0,0.8961574857149965,0.2909652348293301,1,6.77837383853025
359.1,0.7112020922992032,0.0,4,6.568592308486164
359.20000000000005,1.0,0.38717220513612094,2,6.958944475589849
359.3,0.0,0.0271711803132581,4,6.479110432808459
359.40000000000003,0.9754797038416468,0.0,5,7.256416689054445
359.5,0.9311032095799177,0.0,3,6.787390893451609
359.6,0.08391388959469631,0.0,1,6.37229132340786
359.70000000000005,0.8768554297195899,0.20962335185383096,4,6.463360174563257
359.8,0.6091948546578845,0.0,5,6.866355920026693
359.90000000000003,0.38447924083625196,0.06908283632877073,3,6.905356763593226
360.0,0.1466265235206919,0.0,3,7.466334720211953
360.1,0.18928600641945625,0.0,2,6.588117585897877
360.20000000000005,1.0,0.5171950351367792,2,6.871425453179918
360.3,0.4786553258972216,0.08381014695069201,4,6.54473019347955
360.40000000000003,0.7919575357426285,0.12265310893222876,5,6.71510883865856
360.5,0.16346720285733762,0.22755535613373246,3,7.305770747623465
360.6,0.1686052781228356,0.0,4,6.46993200216282
360.70000000000005,0.9140579592134147,0.35045838182440636,1,7.112885326032163
360.8,0.0,0.0,2,7.053618271815594
360.90000000000003,0.31660790812610606,0.0,3,6.955611330469975
361.0,0.4970161748724207,0.0,1,7.250197120868042
361.1,0.5286641127146655,0.11634467299410119,3,6.753497119912842
361.20000000000005,0.4131856830476561,0.04374365322829755,2,7.6378343247391065
361.3,0.6438568952766198,0.0,4,7.760227163512728
361.40000000000003,0.7633753288342235,0.0,4,7.246695978537908
361.5,0.7807901434282212,0.0,3,8.027784030240293
361.6,0.09331375277489723,0.0,1,7.204890360219955
361.70000000000005,0.37467143752759313,0.14530232446721206,3,7.428453829536764
361.8,0.9669348685737154,0.13874122250723706,5,7.742074288468238
361.90000000000003,0.8475828898580742,0.31689887503141173,3,7.143373221884291
362.0,0.0,0.0,1,6.865478875956718
362.1,0.6316986775250294,0.13856304206018452,1,6.9175631589086795
362.20000000000005,0.0,0.0,2,8.0181576939585
362.3,0.5112555230669187,0.23809499703869644,1,7.2970039519037355
362.40000000000003,1.0,0.20439255533562833,4,7.397340263481864
362.5,0.11469144049930874,0.04224187984489134,4,7.111612511813316
362.6,0.1607998300671522,0.0,2,7.750200891594486
362.70000000000005,0.8008195036342771,0.19218643572165228,2,7.272755889791454
362.8,0.0,0.1293809046513131,2,7.315515658298851
362.90000000000003,0.2434567193384553,0.0,5,7.564546895153488
363.0,0.7358077784666023,0.0,3,7.2196902123072615
363.1,0.24418758757493997,0.0,3,7.50582239140127
363.20000000000005,0.4041825433760699,0.3030827630696418,2,7.931704284872732
363.3,0.7969114397147409,0.22929743174660766,3,7.632718286595658
363.40000000000003,0.668520209383664,0.0,2,7.631339325173501
363.5,0.6072917552610748,0.0,2,7.736378606535621
363.6,0.36557610355185355,0.25493676993589726,3,7.501439750566135
363.70000000000005,0.6499080749850141,0.0,3,8.27355746630785
363.8,0.4530471629212453,0.10185906472840162,2,7.456261339085003
363.90000000000003,0.6863170748549083,0.0,1,7.944939390196813
364.0,0.30507460398219666,0.3234089849043365,2,7.847717591181986
364.1,0.4314703920333812,0.0,2,8.172065739039024
364.20000000000005,0.10916341452894696,0.22867230604116565,3,8.132547349660445
364.3,0.4917900167263603,0.03697173081207294,5,7.804595966371412
364.40000000000003,0.18203722128485084,0.05043897084685736,1,7.9318291737807805
364.5,0.06146146692953314,0.0,2,7.9500716991809135
364.6,0.6111849580749161,0.0,1,7.3315363122644275
364.70000000000005,0.5934548303329366,0.0,3,7.587863633261005
364.8,0.8221448015914103,0.04938121268332235,2,7.9748128505314355
364.90000000000003,0.3371794314234994,0.0,4,8.008911767575093
365.0,0.673483111111841,0.0,2,7.905977837815136
365.1,0.731211273362995,0.1122945259652266,3,8.51674483107054
365.20000000000005,0.689429996094262,0.11257089609142612,4,8.299477178012328
365.3,0.18188518226765127,0.0,5,8.242664587393094
365.40000000000003,0.5725161821379295,0.15604034423721502,5,7.907274958390048
365.5,0.6590489904097909,0.0,4,8.313230645209176
365.6,0.5168842879387722,0.0,5,7.5646767534263075
365.70000000000005,0.0,0.32957552115673466,2,8.192448410873679
365.8,0.5794426385156758,0.01366442598796358,1,8.408804681403925
365.90000000000003,1.0,0.025262502917400006,1,8.719168264131175
366.0,0.3724567252365478,0.46118931719354794,4,8.046868959287725
366.1,0.22585131789375784,0.0,5,8.594042735349388
366.20000000000005,0.667029236889052,0.1592860733284221,1,8.337396444247101
366.3,0.6432466824011661,0.3327972559616199,3,8.350733790693125
366.40000000000003,0.9959929764102464,0.0,4,8.87467790130563
366.5,0.0163530843143187,0.17192615737096922,5,9.205496401000937
366.6,0.8126518061413709,0.0,3,8.687327351193876
366.70000000000005,0.7568658076473322,0.0,5,8.465552948946103
366.8,0.46443356361866256,0.07699328320952686,2,8.801924080764842
366.90000000000003,0.657360215643673,0.15971333462211804,2,9.059810356606674
367.0,0.9342593036539976,0.22418730248124918,3,8.971073208279808
367.1,0.8719913956611454,0.31392571738789865,2,9.61768507248208
367.20000000000005,0.06644435919510727,0.0,1,8.596218352624264
367.3,0.8523001044939875,0.23872235103451755,4,8.862078839044594
367.40000000000003,0.49894403659936204,0.0,4,9.282700762412992
367.5,0.5545496673619354,0.18041826231765357,4,9.239044876351846
367.6,0.5552572725003556,0.04149775957043636,2,8.26672594370513
367.70000000000005,0.46645762461111967,0.08913558141638478,3,8.860821534534612
367.8,1.0,0.08470157480440749,2,9.410609175818793
367.90000000000003,0.4942140032995433,0.0,1,9.962521561175548
368.0,0.08045275437855315,0.0,3,9.311853985050991
368.1,0.3714271687524032,0.020508287963504485,1,9.080800489789304
368.20000000000005,0.6008827879172195,0.0,1,9.046831757477264
368.3,1.0,0.16624222063995117,4,10.024603452735146
368.40000000000003,0.7717680001666463,0.1743111932576284,1,9.723435392721301
368.5,0.19087544512874538,0.06543411057555805,5,9.236834207601191
368.6,1.0,0.0,3,9.517274474620045
368.70000000000005,0.6381121665978773,0.27602778777370296,5,9.611343556265105
368.8,1.0,0.4074421279436716,1,9.810349468359371
368.90000000000003,0.4726202391335941,0.029415365489194795,3,9.40754197729954
369.0,0.7471984968923955,0.10210707569024727,2,9.5567633012527
369.1,0.870188851844824,0.04034773095920879,4,9.287679138230711
369.20000000000005,1.0,0.10607383779975979,2,10.191421596442762
369.3,0.9584356592499286,0.0,2,9.90271656398702
369.40000000000003,0.8849073688142133,0.0,4,10.201956869885683
369.5,0.41053196388020186,0.1811435200994731,2,10.480934454929283
369.6,0.3084041808823337,0.46912483237928815,1,10.043927570097779
369.70000000000005,0.6706793946916761,0.0,2,10.031375361151305
369.8,0.9114192618508179,0.0,3,10.20229672125009
369.90000000000003,0.4496092422847264,0.0,2,10.220830990551951
370.0,0.9652936437727307,0.3184049797152167,2,10.596072899526558
370.1,1.0,0.0,1,10.57991238393163
370.20000000000005,0.17374468684397804,0.0,3,10.336438503096963
370.3,0.20602563085681003,0.1276373997697147,4,10.782950876223783
370.40000000000003,0.48516258354023556,0.34886222294862224,2,10.783804450768592
370.5,0.6648742038553893,0.13271957371215257,2,10.055256069089848
370.6,0.3325166932344078,0.04095957545638348,1,10.989275682692638
370.70000000000005,1.0,0.08182818455519884,2,10.742546113197411
370.8,0.7129924575030571,0.28296813256511094,1,10.811510155910167
370.90000000000003,0.5596523800960486,0.0,3,11.075808858777428
371.0,0.0,0.0,3,10.601252280444074
371.1,0.018556401533658784,0.0,5,11.056109093367226
371.20000000000005,0.6577877435815492,0.0,1,10.829762712395935
371.3,0.0,0.0,3,10.497755594307772
371.40000000000003,0.9514350914519106,0.22154421919648973,3,10.649084487019596
371.5,0.48361335462230864,0.11332042967854511,3,11.12117511996108
371.6,1.0,0.12886210002164009,4,10.68858228215753
371.70000000000005,1.0,0.029295122330663642,2,11.576245600648997
371.8,0.4757664261375776,0.10466475654571772,1,11.539365323231365
371.90000000000003,0.506297255818841,0.0,3,11.624948502019826
372.0,0.9475484700994656,0.0,2,11.386002148663083
372.1,1.0,0.03840084739373535,1,11.67704592396492
372.20000000000005,0.0,0.05550317177637805,2,11.220202366605909
372.3,0.0,0.06403757098437461,2,11.852845227739968
372.40000000000003,0.30241518109837473,0.0,3,11.692093614780328
372.5,0.7847969387669281,0.0,1,11.95475464347539
372.6,0.7509219370707901,0.6315542566088597,2,12.177698652350086
372.70000000000005,0.9805494695423929,0.18135745458647975,3,11.51321771843721
372.8,0.07322805232101748,0.08262949519052448,3,11.633212315967628
372.90000000000003,0.0,0.0,5,11.766150168973217
373.0,0.8972384548861696,0.0,1,11.62387741727294
373.1,0.22321380085624892,0.0,5,11.857109825924667
373.20000000000005,0.0,0.05856576871733668,3,12.038724677102694
373.3,0.6134302192453946,0.0,4,11.831092336349434
373.40000000000003,0.8731278700417392,0.0,2,12.434796977640302
373.5,0.5074853923687452,0.0,3,11.630839005740562
373.6,0.3736173159750097,0.041427887355713705,4,12.428931053106417
373.70000000000005,0.4934579757944525,0.0,4,12.320233185873995
373.8,0.4094137330865797,0.2956242452198969,2,11.904141331643334
373.90000000000003,0.018869732078295343,0.0,1,11.799388854234026
374.0,0.2726558125120955,0.0,3,11.473751309965095
374.1,0.7674773176561113,0.30401834819822027,5,11.795753969341323
374.20000000000005,0.6880718086828259,0.02622386493502937,2,12.428371499056936
374.3,0.6270571133997713,0.17696851656023171,3,12.091010931047213
374.40000000000003,0.16220435782049125,0.4102493886538927,4,12.327667280241004
374.5,0.4880908042021207,0.0,4,11.822289940486161
374.6,0.0,0.0,3,12.217306883607074
374.70000000000005,0.6329326415927445,0.0,2,11.87124182363927
374.8,1.0,0.0,5,11.847035792546382
374.90000000000003,0.0,0.0,3,12.101427735909363
375.0,0.3284289167377411,0.1762124374761331,4,11.894092963296897
375.1,0.6948575340533922,0.10811790836244817,2,11.684224539115759
375.20000000000005,1.0,0.12381663387760203,3,12.136845689323486
375.3,0.3847478888323222,0.0,2,12.271599591778978
375.40000000000003,0.28754567663291847,0.0,2,12.65532003792588
375.5,0.0,0.2538511343797241,4,12.468022797713497
375.6,0.6066304310656067,0.0,3,12.603718279152115
375.70000000000005,1.0,0.05881640775864282,3,12.519931062333718
375.8,0.6769988910605108,0.03266693613550769,2,12.479755653547999
375.90000000000003,0.557540682533452,0.29234340325142366,3,11.960130098966987
376.0,0.6956797006376866,0.19428247153447195,2,12.398529040789258
376.1,0.5628022094890572,0.0,3,12.57937668429661
376.20000000000005,0.24242322794676385,0.0,2,12.866612640516188
376.3,0.8973286383890651,0.11578196361382685,4,12.653199963186736
376.40000000000003,0.6587067045639207,0.0,4,12.860036918320667
376.5,0.5758305456862943,0.0,2,12.251773031835283
376.6,0.179019708454923,0.20312557679889418,2,12.416241734628331
376.70000000000005,1.0,0.03749187641778217,3,12.716022939960421
376.8,0.835802134900703,0.01049147737788879,3,13.002919885326127
376.90000000000003,0.34912674174871483,0.15596572815100995,4,12.578935709460046
377.0,0.9713967769170402,0.0,3,12.680717906519842
377.1,0.37200797617223164,0.31370379709451085,2,12.853183109131495
377.20000000000005,0.25860210645946424,0.0,2,12.340347833589785
377.3,0.2678871627960763,0.13138581326841764,2,13.148824462366072
377.40000000000003,0.0,0.286766567731969,1,12.303850633116827
377.5,0.7611083119349911,0.0,3,12.056299226577197
377.6,0.0,0.0,1,12.63149211795889
377.70000000000005,0.08182761739137873,0.22844147857711158,5,13.06282440233382
377.8,0.0,0.23144890954620503,4,12.648711280674682
377.90000000000003,0.5394818916411311,0.0,4,12.73074913459104
378.0,0.5141304513235014,0.0,5,12.541921765440618
378.1,0.4439267197986907,0.19118716446615247,2,12.475904873592372
378.20000000000005,0.15791839842593763,0.23670982051632095,4,11.986425058649944
378.3,0.10639794634330535,0.0,1,11.797148112099656
378.40000000000003,0.7613790633953604,0.0,1,12.733560113742444
378.5,0.3557477130284006,0.04505133639671991,4,13.073715426494376
378.6,0.7028468781881438,0.12587212668577838,1,12.925229240418087
378.70000000000005,0.22253683377245714,0.0,5,13.017430345575036
378.8,0.6493918574345752,0.13585876399646987,3,13.314391368749193
378.90000000000003,1.0,0.0,4,13.001056090923743
379.0,0.8120870597798554,0.0,2,12.970356364620958
379.1,0.41297873691283726,0.0,3,12.794695372180046
379.20000000000005,0.6811450651422016,0.012646429302620235,1,13.820712095576809
379.3,0.4823183069270094,0.0,4,13.400442177998583
379.40000000000003,0.5820530360195146,0.0,1,13.110870390400166
379.5,0.44897081108167347,0.0,3,13.07868196573138
379.6,0.513793102526215,0.0,2,13.870609328131676
379.70000000000005,0.6646741609413716,0.1795311543299487,1,13.296975483775762
379.8,0.1828006553637448,0.2512394878827365,3,14.09291011353631
379.90000000000003,0.1740975993095905,0.23754267682769103,1,12.673156958854637
380.0,0.02533478168640746,0.0,4,13.92467528758477
380.1,0.0,0.0,2,13.640078382986523
380.20000000000005,0.09443710233660485,0.09932692299597908,2,13.505186355377194
380.3,0.6454308824455395,0.12702000231958507,3,13.428131617240174
380.40000000000003,0.22482424744348206,0.08003392104009949,2,14.047409764057956
380.5,0.7876760854927835,0.0,2,13.793455346788267
380.6,0.5964045165410561,0.0,4,13.346201916055502
380.70000000000005,0.0,0.0,1,13.097534233181953
380.8,0.8450796938366574,0.09744363892608543,1,13.855316275218517
380.90000000000003,0.9076906419711575,0.15346147252049736,2,13.867613393429444
381.0,0.1861055039030669,0.02885070445640804,2,13.42306866955248
381.1,0.7520042464960228,0.06615676130764726,3,13.903094205699846
381.20000000000005,0.24160305416562566,0.016973091672220834,2,13.769954404444418
381.3,0.6235428828113005,0.1371238748436966,4,13.93663654214889
381.40000000000003,0.07894541441449254,0.0625731302981822,1,14.147679092762708
381.5,0.0,0.013147532009457475,2,14.369162916544505
381.6,0.43215097351450427,0.0,2,14.247532270207996
381.70000000000005,0.5360492957961702,0.016258285008496222,3,13.796496399133767
381.8,0.42672967964395925,0.09691827576785497,5,14.109866927459343
381.90000000000003,0.11244767337902623,0.053495077779612245,3,14.006107330475626
382.0,0.42635626715503894,0.07616528366905075,5,13.580713404505953
382.1,0.6942874431164449,0.2685443722702371,2,14.09870918941053
382.20000000000005,0.5688636338344079,0.05303278454931748,1,14.66609148804868
382.3,0.6600702146397782,0.0,1,14.290589741655095
382.40000000000003,0.31927033045664294,0.17672135719883386,2,13.781918430540095
382.5,1.0,0.0,2,14.398248981589198
382.6,0.11733324372129667,0.0,1,14.051926558001242
382.70000000000005,0.7830662546998555,0.06716945294401382,2,14.752707345472505
382.8,1.0,0.10327933355731576,2,14.745510689109254
382.90000000000003,0.7808774305565453,0.0,1,14.74047218396291
383.0,0.5077370008126852,0.0,2,14.755426544867625
383.1,0.3776580161690743,0.0,4,14.811575228768582
383.20000000000005,1.0,0.0,2,15.00634071173177
383.3,0.02024008249008291,0.18871955525458917,4,14.705828207770905
383.40000000000003,0.20160342119486185,0.14130109270945054,3,14.48723264722883
383.5,0.4308507332902827,0.0,2,15.297876544070332
383.6,1.0,0.0,2,14.969207848853877
383.70000000000005,0.7422152428267011,0.0,2,15.229048661909156
383.8,0.20330351805196878,0.28403698775638975,3,15.18299754199851
383.90000000000003,0.46661001026133136,0.11842278005698369,2,15.211896961830359
384.0,0.34521274280441866,0.0,2,14.80429971482596
384.1,0.3072329478099525,0.1439198995249783,1,14.682747903823092
384.20000000000005,0.9829085477931175,0.0,4,15.069499978245586
384.3,0.04285728692193391,0.0,2,15.365576699211335
384.40000000000003,1.0,0.08704230565792048,3,15.08339377368914
384.5,0.9232429437651566,0.0,3,15.272373286042448
384.6,1.0,0.0,4,16.07866005722954
384.70000000000005,0.4071623207407208,0.024292212839909177,3,14.909852429361049
384.8,0.5325518132060593,0.0,3,15.27920612535576
384.90000000000003,0.01945498020308367,0.1338170420535048,5,16.026000348534634
385.0,0.38303597749947904,0.37381330073565217,4,15.339473876558428
385.1,0.7905457420937216,0.0,1,15.346841644053983
385.20000000000005,1.0,0.0,1,16.17077035005872
385.3,0.15057968401077715,0.0,4,15.841408212687952
385.40000000000003,0.44741577948825684,0.0,4,15.744831870514421
385.5,0.5332718352681338,0.0,3,15.949078051601708
385.6,0.03564683639762667,0.04157210021341604,3,15.677858546401625
385.70000000000005,0.8306708320421818,0.02651953440522016,3,15.629664902273626
385.8,0.30470124418222955,0.0,2,15.93604298495402
385.90000000000003,0.5163051007602002,0.0,3,15.707275806249962
386.0,0.4138429789738227,0.059186648069219056,1,16.098943578001492
386.1,0.2790464334681503,0.027085766943991403,5,16.20238455782305
386.20000000000005,0.5921205704546944,0.0,4,16.38592832016898
386.3,0.5088490823571379,0.0,3,16.508068261009743
386.40000000000003,0.4465017296394497,0.09427825255299815,2,16.07049950477774
386.5,0.30400982166661134,0.2543799090847887,1,16.33272747632883
386.6,0.7233515448626757,0.055596488043784455,2,16.402987928921753
386.70000000000005,1.0,0.0,3,16.43682843802256
386.8,0.6517838350296021,0.008910433114230263,3,16.24391634806545
386.90000000000003,0.9944162858430543,0.0,2,16.20619341800578
387.0,0.04001790392666438,0.2115921427677585,3,16.592422468580505
387.1,0.6593465393891029,0.016368866905907765,4,15.962496165367604
387.20000000000005,0.15742754079965443,0.0,1,16.430393681315753
387.3,0.005735416593127929,0.0,3,15.739350453896863
387.40000000000003,0.3008849578193265,0.09266030204684617,4,16.08787943120165
387.5,1.0,0.0,3,16.308748747576434
387.6,0.9768889585620546,0.0,3,16.981882045436706
387.70000000000005,0.6942054880137342,0.0,3,16.91508822964228
387.8,0.0,0.11330819741633123,5,16.498750195535923
387.90000000000003,0.5187261183172172,0.0,1,17.016143812657695
388.0,0.718032189076607,0.0,3,17.12142563825044
388.1,0.6676780945829276,0.0,1,16.97892607829789
388.20000000000005,0.0,0.1962299431140706,1,16.54021708442476
388.3,0.24155212801773823,0.0,2,16.91923066474126
388.40000000000003,0.5721524079421657,0.3475969970247041,1,16.982792948405773
388.5,0.8124017326512364,0.08579358970970341,5,16.65098042485242
388.6,0.0,0.06775163245607323,5,17.10206653346227
388.70000000000005,0.5332323141179438,0.0,2,17.140834196164654
388.8,0.6553960916981453,0.0,3,17.242454213158293
388.90000000000003,0.9381136658841893,0.0,3,17.26976160839886
389.0,0.8755017978291342,0.0,4,17.45710333083088
389.1,0.8314747918798784,0.10617343241342976,3,17.21653045648118
389.20000000000005,0.27855516811351994,0.0,1,17.398782804357186
389.3,0.0,0.0,4,17.21251207074488
389.40000000000003,0.44147329814070335,0.0,4,17.179507571736814
389.5,0.9994250541295999,0.40913090953543085,3,17.70236762883527
389.6,1.0,0.106068580334116,5,16.69935375672613
389.70000000000005,0.8831406255595093,0.06089844033602896,5,17.595919645395618
389.8,0.7707280506797536,0.0,3,17.208829391240783
389.90000000000003,0.7509159218660233,0.12466846013496571,3,17.188716966807917
390.0,0.3766785085204507,0.0,5,17.505822109775135
390.1,0.5471654380132108,0.042833788226350054,2,17.03266424342299
390.20000000000005,1.0,0.0,2,17.361555468098675
390.3,0.2222862590208256,0.03205377148351534,1,17.39359924904562
390.40000000000003,1.0,0.0,4,17.64194376804853
390.5,0.4706085165050742,0.0,4,17.49180600274105
390.6,1.0,0.14682126716144975,1,18.424400658533997
390.70000000000005,0.03679450076353841,0.0,5,18.478263272459085
390.8,0.8339289511352415,0.11295525286283013,4,17.34363842058235
390.90000000000003,0.30490358412887775,0.13689722671059926,4,18.081353951096858
391.0,0.033546731131041785,0.0,1,18.177752755229935
391.1,0.6871067956442531,0.0,3,18.137274629768033
391.20000000000005,1.0,0.0,3,17.858941572883168
391.3,0.26178854833635934,0.05640724209244411,3,17.980659267039144
391.40000000000003,0.00019111361734192034,0.0,3,17.822469079245813
391.5,0.5630895669044735,0.08671249203837586,4,17.922559301017582
391.6,0.5648809166562454,0.35259593050747984,2,17.63648507563909
391.70000000000005,0.819208075298187,0.0,4,18.012740212948835
391.8,0.9797408294113548,0.0,1,17.850652287915327
391.90000000000003,0.5761573053345304,0.16518471660613065,2,18.256066351254166
392.0,1.0,0.33666291518550595,1,18.088821004071374
392.1,0.6896508304635384,0.07855367261022489,2,18.583936837089635
392.20000000000005,0.46139950794036755,0.0,2,18.372267371074987
392.3,0.0,0.0,4,18.655905823932752
392.40000000000003,0.49492545792203657,0.0,3,18.929843625766974
392.5,0.4654404658190967,0.12857109879258952,2,19.09402044215732
392.6,0.984120740451011,0.0,3,17.938868258373365
392.70000000000005,0.7849934495255484,0.0,1,18.648885118432307
392.8,0.1282511292069441,0.0,1,18.83479803537234
392.90000000000003,0.6688969103912787,0.025364937026992374,3,19.10718349032116
393.0,0.8686016025055346,0.0,3,18.543511532814584
393.1,1.0,0.03535242065005277,4,18.791140017090907
393.20000000000005,0.9549714769201182,0.004470110993273132,2,19.2429433738756
393.3,0.9042953299095925,0.0,4,19.281721577924067
393.40000000000003,0.6239754444357011,0.12537541270580438,3,19.375302835412015
393.5,0.7552478274002632,0.0,5,19.42748470904609
393.6,1.0,0.0,2,19.521351826484253
393.70000000000005,0.0667688245293,0.4481853112411585,3,19.326364605560023
393.8,0.46007883245637315,0.09528603334342495,3,19.286203483093644
393.90000000000003,0.2907994442452012,0.0,5,19.47649843942883
394.0,0.7514581723357141,0.2830409053403647,2,18.6031925850151
394.1,1.0,0.36836312187732145,3,19.696464741401975
394.20000000000005,0.3609399749209419,0.0,2,18.612053898053098
394.3,0.0,0.06947949728695234,3,18.9185655728248
394.40000000000003,0.43476456070145086,0.0,2,19.224355465072243
394.5,0.9650003380739528,0.0,1,19.743560812075614
394.6,0.8146183945601115,0.0,3,18.707460605818298
394.70000000000005,0.7707941223526256,0.0369654067243308,2,19.679853657555903
394.8,0.48747309424914526,0.06655209572740207,1,20.025548845371816
394.90000000000003,0.08780651440070375,0.111965689765612,2,20.052218164795264
395.0,0.8054825337536501,0.047528531259991826,1,19.735291742373015
395.1,0.2655956798468369,0.0,5,19.859919125680676
395.20000000000005,1.0,0.0,3,19.845723297529016
395.3,0.8273912932528851,0.0,4,19.95936532195404
395.40000000000003,0.36686549666304236,0.0,2,19.80793584219209
395.5,0.3545047300042437,0.21015485809442278,5,19.790929577603613
395.6,0.5618127613548145,0.0,3,20.229374568909627
395.70000000000005,0.5031188942711274,0.0,3,20.17464970861912
395.8,1.0,0.19060189964280996,3,20.29934690728839
395.90000000000003,0.6733373823957463,0.0,4,20.252301008817483
396.0,0.3060402518684333,0.09208312996856483,3,20.387212876247627
396.1,1.0,0.0,2,20.564024724221948
396.20000000000005,0.61825316191584,0.05135665146494457,1,19.917002426008967
396.3,0.9059805492899717,0.0,3,20.25484361195576
396.40000000000003,0.35506653174125336,0.13341309454567082,3,20.419839081095287
396.5,0.7435134482059695,0.0,1,20.6717629287857
396.6,0.7226188628864507,0.0,2,20.564765996548118
396.70000000000005,0.0,0.059314535338861635,3,21.010429437337333
396.8,1.0,0.10673904960123859,4,21.352720159581548
396.90000000000003,1.0,0.29859052455076557,1,20.972527658662656
397.0,0.43890349410492435,0.0,2,20.99116835497571
397.1,0.15676943409326755,0.2958963523721746,4,21.12314465916373
397.20000000000005,0.7365952948007969,0.0,3,20.3647406196332
397.3,0.6321406577671006,0.2657292823089288,2,20.919401754974324
397.40000000000003,0.7396176963030842,0.16349342533967448,4,21.190053557426136
397.5,0.6738672248322077,0.0,3,20.753980567119278
397.6,0.7996164226094526,0.06140784745036437,3,20.620205818694988
397.70000000000005,1.0,0.0,5,20.976368236087986
397.8,0.8241216650401388,0.12511691873500005,5,21.00671501256462
397.90000000000003,0.17689477995236697,0.0,2,20.766480586466354
398.0,1.0,0.0,1,21.92514827560905
398.1,1.0,0.2738189165525703,2,21.185075982005884
398.20000000000005,1.0,0.0,1,21.239548951159637
398.3,0.14684188713927943,0.16528446483835327,1,21.531683319378246
398.40000000000003,0.6932569722143488,0.0,2,21.914645931075768
398.5,0.0,0.3333326518455047,5,21.526408839985024
398.6,0.8170860098474149,0.0,4,21.711454365739932
398.70000000000005,0.37640374296267276,0.0,3,21.327859357588824
398.8,1.0,0.3049034362231806,3,22.012930047087846
398.90000000000003,0.28554575646475755,0.0,1,21.801359812604744
399.0,0.0,0.32021486123287857,2,21.83043511346019
399.1,0.40658460417878106,0.17836811591896257,1,21.664763224461733
399.20000000000005,0.0,0.0,4,21.7927681970737
399.3,0.8952187168213994,0.0,1,21.51220927394831
399.40000000000003,0.0,0.0,4,21.616587516389394
399.5,0.6058412856001536,0.020326010706684938,3,22.20492703581795
399.6,0.0,0.2334435466608746,2,22.180951558240565
399.70000000000005,0.46600893810127975,0.3176894352480224,1,21.37722414583645
399.8,1.0,0.0,3,21.875088110411482
399.90000000000003,0.7380475172430171,0.16023635279763657,5,21.646695957624537
400.0,0.24821750598805542,0.1530804312026699,4,21.522274557291407
400.1,0.5809577652447249,0.21468254048208904,2,21.81266136350268
400.20000000000005,0.6004677487286144,0.0997379824271089,3,22.07955639000653
400.3,0.7821326042954669,0.0,2,21.966970411813524
400.40000000000003,0.04615421437196976,0.0,5,21.727911745639954
400.5,0.8297391913599803,0.0,4,22.02337921023882
400.6,0.0,0.0,3,21.750725343929762
400.70000000000005,0.3403807933546024,0.1960008472267788,2,21.952209833623225
400.8,0.3968326891725095,0.061030167174994536,3,22.252280831479013
400.90000000000003,0.8452781998665084,0.22961817327948655,2,21.236188103704638
401.0,0.6008026860045579,0.06835078414270787,1,22.225748427108115
401.1,0.029325631886501946,0.0,2,21.51845361187064
401.20000000000005,0.19735174539479183,0.0,5,22.34888709988111
401.3,0.6706167764379478,0.02976175233591807,3,21.828663966625832
401.40000000000003,0.5593112481922471,0.0,1,21.79327600182901
401.5,0.3590795896509039,0.0,4,22.38062210141566
401.6,0.39818440335139726,0.0,2,22.323896151785064
401.70000000000005,0.8687714416000019,0.0,2,22.02019745772178
401.8,0.38301117595251377,0.0,2,21.984493911309016
401.90000000000003,0.5546333095004501,0.13317556474127804,3,22.298391882051618
402.0,1.0,0.03772621631359602,3,22.059062825037426
402.1,0.01995287882997332,0.32161344943454584,3,21.985692511393527
402.20000000000005,0.0,0.0,4,22.328207852952158
402.3,0.9024084951720854,0.1762117784114867,2,22.05474130850623
402.40000000000003,0.31728521827929307,0.009459748625745584,4,22.479812445620496
402.5,0.4612148902751915,0.13893382482371694,1,22.864914854981937
402.6,0.27581245465627846,0.0,4,22.38097134792434
402.70000000000005,0.4841177010389646,0.21433607477811797,3,22.425441982529453
402.8,1.0,0.05904495166904858,3,23.050341705997603
402.90000000000003,0.9084075881753743,0.0,3,22.158632511187804
403.0,0.9322013073540392,0.0,3,22.94433142230977
403.1,0.02057442890648442,0.0,1,22.902821013748387
403.20000000000005,0.12635475696646714,0.09783567012755874,4,22.802792253440646
403.3,0.0,0.0,1,22.92317672361653
403.40000000000003,0.2625588830953731,0.0,1,22.679006306952814
403.5,0.9687364476796856,0.07906145052986624,3,22.46881982577777
403.6,0.7925753968018067,0.006604661438606648,4,23.011769076551566
403.70000000000005,0.4969307595122638,0.26938824887779916,1,23.054991760201816
403.8,0.5763528832530693,0.15480455481421052,5,23.014863048362145
403.90000000000003,0.30945337066609874,0.0,5,22.70214702772305
404.0,0.6666433915833747,0.043337819499534636,3,22.507767294519084
404.1,0.8908210623827318,0.05913311029639992,3,22.828492604555965
404.20000000000005,0.0,0.08065992083336482,4,23.015804485031936
404.3,0.7037816371161092,0.0,2,23.123253598761913
404.40000000000003,0.9566194119746494,0.0,3,22.760972620601056
404.5,0.41732591503797134,0.0,5,22.99556718652867
404.6,0.8633645090387445,0.25565618949189733,5,22.457960856900893
404.70000000000005,1.0,0.0,5,23.18827351969098
404.8,0.5407766182576947,0.0,2,22.71871904255716
404.90000000000003,0.7395477954314438,0.17935946640664704,2,23.216868206607376
405.0,0.28671105304249517,0.08446495948997494,2,22.635306397805554
405.1,0.6541409348908391,0.0,2,23.365475523208847
405.20000000000005,0.7654533766248038,0.0,2,23.243321353675544
405.3,0.6589835941436696,0.0,2,22.98879814323876
405.40000000000003,0.17286813736994622,0.0,3,23.43447298777858
405.5,0.6629882580172571,0.0,4,23.08264752234852
405.6,1.0,0.0,4,23.539747527778164
405.70000000000005,0.7592854596599411,0.0,4,23.271670152802336
405.8,0.9643163520659142,0.0,1,23.083105182264827
405.90000000000003,0.48440469293004074,0.23033311660949513,1,23.345210098419855
406.0,0.8788552643653385,0.0,4,23.557478849706843
406.1,0.6902856759633252,0.007510615332112582,3,24.14394598069826
406.20000000000005,0.19789530656929089,0.08012832766796735,3,23.98269700581429
406.3,0.7053467450935798,0.0,1,24.375609590174054
406.40000000000003,0.18093611077514998,0.09127119462653926,2,24.366068775066033
406.5,0.32413678871626694,0.0,3,23.726209909535296
406.6,0.652692034951218,0.0,4,23.86142970675324
406.70000000000005,0.6955279269083239,0.1146894986710798,5,23.781252626546635
406.8,0.10060443052732704,0.29833477176036155,3,23.600490572490774
406.90000000000003,0.9975566188443357,0.14496587469716635,3,23.27775905526919
407.0,0.8044274116559076,0.18459551302808613,4,23.80576506162272
407.1,0.293393813557064,0.0,3,23.43850474648744
407.20000000000005,0.0,0.0,3,23.801814246017514
407.3,0.5166370290483454,0.2980275044199682,5,24.362912217888496
407.40000000000003,0.39587476329556226,0.410902977880952,4,23.45279020416893
407.5,0.6191595228121146,0.3085613547539364,5,23.582306544538095
407.6,0.4283054710669629,0.0,2,23.841170971233964
407.70000000000005,0.0,0.0,3,23.64141304673343
407.8,0.4175040700759566,0.0,4,23.66106563823091
407.90000000000003,0.45023711813520034,0.0,1,23.572807919322912
408.0,0.825588799699968,0.0,4,23.655040461175258
408.1,0.2924818586769471,0.3211355916164909,1,23.395543049814652
408.20000000000005,1.0,0.0,4,23.99206028810499
408.3,0.0,0.06046458006965491,3,23.183623002074533
408.40000000000003,1.0,0.2751193928608417,1,24.16036834367834
408.5,0.4805606392763313,0.0,3,23.478494563295236
408.6,0.9137480947545812,0.40710629134391896,3,24.121720807091688
408.70000000000005,0.601458377974414,0.3984188814994907,3,23.635332515548335
408.8,1.0,0.0,2,23.493225801278935
408.90000000000003,0.41383344266074473,0.0,4,24.052017002483808
409.0,0.128946867046153,0.13944760927806263,3,24.10967345558459
409.1,1.0,0.0,3,23.776392892298034
409.20000000000005,0.5222295768389257,0.0,1,24.251067086454345
409.3,0.6558552171733695,0.25624773070459606,5,23.286597861034654
409.40000000000003,1.0,0.24328947745541601,1,23.74925502594808
409.5,0.15366291073915783,0.031102320752712166,3,24.52401070161221
409.6,0.8042445571012581,0.0,4,24.110375588829555
409.70000000000005,0.32969122173698473,0.0,2,23.650300794960813
409.8,0.5123800457452354,0.02144585768383055,3,24.025198300994727
409.90000000000003,0.5937557768471442,0.0,2,24.024475778820374
410.0,0.0,0.0,4,24.23910873011783
410.1,0.2524954024415413,0.20439263101200061,3,24.11939950188787
410.20000000000005,1.0,0.14663586348451155,4,24.289567066751612
410.3,0.9176836994084396,0.2756285360995226,4,24.171819731281936
410.40000000000003,0.537736515178563,0.0,3,24.635894049405845
410.5,0.6596246004809158,0.0,4,24.386789273846304
410.6,0.4442588362873589,0.15179633909202256,3,24.373061985282874
410.70000000000005,1.0,0.08961566820257835,2,24.676238478500686
410.8,0.4809693085753328,0.3064760765175244,3,24.138030042678714
410.90000000000003,0.6534210596138055,0.08410734118081387,5,23.870360621551484
411.0,1.0,0.3696218208211105,2,24.608596791768782
411.1,0.24887666846024653,0.10800356034462816,2,24.27189886967243
411.20000000000005,1.0,0.21243348951773205,2,24.32294804410207
411.3,0.0,0.0,2,24.0785661289548
411.40000000000003,1.0,0.002857442376797812,1,24.336658141975317
411.5,0.40901025040520167,0.182188880767895,3,24.738530240781518
411.6,0.46055920506544357,0.3225956341186109,3,24.700527846621853
411.70000000000005,0.0,0.1458473898621506,3,24.578955976564195
411.8,0.37483056777743007,0.0,2,24.619032263443
411.90000000000003,0.1403773762021358,0.27546700590566836,3,24.45982690634281
412.0,0.3127907591486706,0.0,4,24.33684174134945
412.1,0.5004719962712294,0.0,5,24.258868447997482
412.20000000000005,0.9380578920798753,0.13632684473367782,3,24.699911122722206
412.3,0.6375252307906505,0.0028216712506249713,1,24.381128560085767
412.40000000000003,0.6770949775957105,0.12110273022483305,5,24.58718446790066
412.5,0.11535477060537919,0.01288150448638841,4,24.225602830785924
412.6,0.20079688596148432,0.11418913892077454,2,24.244956232131475
412.70000000000005,1.0,0.0,1,24.62582068580559
412.8,0.2580834639000396,0.11409721721593816,1,24.47326365335407
412.90000000000003,1.0,0.1988829056415169,1,25.14114259773773
413.0,0.45399591964548824,0.24411012078624653,1,24.52384353431063
413.1,0.5516605260845067,0.40271085892973996,5,24.839950724658955
413.20000000000005,0.978414165167675,0.04881968870047727,3,24.907499555858607
413.3,1.0,0.054782217369435726,3,24.38194276633632
413.40000000000003,0.5049819745640588,0.0,4,24.81328731108066
413.5,0.3935259292628791,0.0,4,25.03526401670278
413.6,0.5259689279665387,0.0,4,25.108947987396512
413.70000000000005,0.6830318820245025,0.21006391045527104,5,24.872132130568023
413.8,0.9038799174410364,0.0,2,25.24374566301547
413.90000000000003,0.5485577688192325,0.15926800394976648,5,24.97067464440342
414.0,0.7939255394966998,0.0,4,25.047156730083383
414.1,1.0,0.0,1,25.371844379352876
414.20000000000005,0.697898700862987,0.049778793826651256,3,25.60623930443673
414.3,0.6695346429474098,0.0,3,25.171252559789004
414.40000000000003,0.0,0.0,5,25.21418618275687
414.5,0.0,0.0,2,25.14584344702334
414.6,0.6987066571084528,0.0,3,25.295254830043742
414.70000000000005,0.504916611639024,0.0,1,25.94367094990623
414.8,0.3364210015359709,0.0,2,25.71858520536161
414.90000000000003,0.6392317511913377,0.08337461251800808,1,25.33618801900403
415.0,0.5171416085750127,0.13172639055810195,3,25.48337658156843
415.1,0.9918964660326323,0.046438900928465525,4,25.811937165981213
415.20000000000005,0.5747078154712192,0.19908303808989491,2,25.42433078979011
415.3,0.24097109547496343,0.11511238516607303,3,25.447643591751557
415.40000000000003,0.9352816874612303,0.0,2,26.179385359095573
415.5,0.4518353874134696,0.0,1,25.698200407028605
415.6,0.7487729616247577,0.06256444735336929,3,26.20002495681633
415.70000000000005,0.3466623238101638,0.11475342198038017,1,26.330088340826332
415.8,0.2771620197140508,0.2795688614062996,3,25.650529974201802
415.90000000000003,0.570224085242665,0.2382346089880191,1,25.661949946165677
416.0,0.5411501236147651,0.0,1,25.9760631764129
416.1,0.7274092092989781,0.0,3,25.782486332345023
416.20000000000005,0.42747768087043536,0.134203560983554,3,26.12410572056205
416.3,0.0,0.21359955561179442,1,25.94038123927476
416.40000000000003,0.3607351857917154,0.18779389374095845,3,26.06529456556145
416.5,0.8508233004402189,0.0,4,26.418551346061527
416.6,0.41379452305812797,0.0,4,26.257879361442956
416.70000000000005,0.43363850394312053,0.0,1,26.260607382311928
416.8,0.9261872487381341,0.054526702863882864,3,25.573625222379547
416.90000000000003,0.24629001035313253,0.06844511588486911,3,26.280926735277458
417.0,0.0,0.0,1,26.650116352917895
417.1,0.4657057924967754,0.008913922177854326,4,25.243677427435056
417.20000000000005,0.3357249484610493,0.1262448713943566,5,26.314887970669428
417.3,0.14233017213540383,0.0,4,26.055212841777546
417.40000000000003,0.4581093734392951,0.22099944036088293,4,25.79042021434538
417.5,0.7242929574172325,0.0,4,26.319511792427402
417.6,0.5234031058490491,0.2515226225153302,3,26.540259537235986
417.70000000000005,0.6493366830349081,0.0,3,26.303184114896755
417.8,1.0,0.0,4,26.011424202364182
417.90000000000003,0.3882378400824514,0.0,3,25.859693009778702
418.0,0.636148250443647,0.0,2,26.256361906470463
418.1,0.3205407641919402,0.0,2,26.503004612909706
418.20000000000005,0.18509743701888193,0.0,4,26.122587764468093
418.3,0.28909138478403895,0.06679302993523807,1,26.191728116638334
418.40000000000003,0.33096204650285965,0.0,3,27.14012961573968
418.5,0.6656647332295698,0.0,5,26.637878450173126
418.6,1.0,0.0,4,26.71121605160416
418.70000000000005,0.2342686577804622,0.07833960320209454,5,25.89964239693391
418.8,0.3534385937790334,0.0,3,26.142189909119708
418.90000000000003,0.4942401141609692,0.3220585960965742,1,26.386378402778806
419.0,0.6772073843130318,0.0,4,26.093951874629816
419.1,0.6237046194840241,0.0,2,26.94271089510342
419.20000000000005,1.0,0.12361369878600836,2,26.962875097610095
419.3,0.0,0.06930540366260006,2,26.341589656592898
419.40000000000003,0.0,0.0,2,27.021845637115224
419.5,0.31749811829140917,0.0,2,26.512761243156184
419.6,0.954155570611193,0.307479346136858,2,27.300584206197897
419.70000000000005,0.0,0.28282207812135635,3,26.45789088583038
419.8,0.0,0.0,4,26.572458071338733
419.90000000000003,0.7418532277918127,0.0,2,26.90361701257588
420.0,0.610222234334054,0.3328384109567799,2,26.82238996466564
420.1,0.07605181064533911,0.0,3,26.58416718570114
420.20000000000005,0.11729311304887113,0.0,3,26.38412816475023
420.3,0.12298319942037472,0.0,5,26.572370863501153
420.40000000000003,0.5544645046787534,0.0,1,26.306244093356366
420.5,0.2590919166300775,0.0,4,26.598973089656734
420.6,0.7066092056361618,0.21050946214694977,3,26.198138904870177
420.70000000000005,0.0,0.0,3,25.98165034601497
420.8,0.1649680086242602,0.04945429042175118,1,26.543550239659883
420.90000000000003,0.056646681097243634,0.17731589855152993,2,26.840539682302555
421.0,0.4038894766265655,0.0,2,26.778511401217738
421.1,0.2905621013910883,0.0,2,26.499955729570853
421.20000000000005,0.8242721504328869,0.24263583767831798,3,27.026007270010734
421.3,0.0,0.10657834404540799,4,26.280682335230118
421.40000000000003,0.5220320373624603,0.0,4,25.895926655597787
421.5,0.7265173959797492,0.2404498006722342,3,25.786126582228206
421.6,1.0,0.24130714469086048,3,26.079938438212704
421.70000000000005,0.3091651624141135,0.053810538603141424,2,26.687661183032613
421.8,0.6309963421291425,0.0,5,26.270969506688232
421.90000000000003,0.0,0.0,3,26.584760171257678
422.0,0.0,0.057277348791078035,2,26.906344271392392
422.1,0.8371346807836011,0.0,2,26.179165607563718
422.20000000000005,0.49633415903233824,0.1877914356469703,3,26.61927433130059
422.3,0.9692947041991403,0.0,3,26.708618964513967
422.40000000000003,0.0,0.0,1,26.27367420362187
422.5,0.7045072156766914,0.03617422229648649,4,26.958050533022
422.6,1.0,0.0,4,26.51710186077918
422.70000000000005,0.6630773900623504,0.0,3,26.53212980740133
422.8,0.605149169859905,0.0,1,27.426964486119417
422.90000000000003,0.49725844279165504,0.0039091689596363515,2,26.999993613257022
423.0,0.0,0.0,5,27.105378906246283
423.1,1.0,0.13069579639034815,4,27.242006773259778
423.20000000000005,0.2474394419232847,0.01378122662419442,2,26.653431759529123
423.3,0.6928873582757393,0.0,1,27.39291220431862
423.40000000000003,0.0,0.23540012735806745,2,26.773358228009812
423.5,0.017927415308784833,0.0,2,26.747465281004075
423.6,1.0,0.10727784376951524,3,26.86693244235576
423.70000000000005,0.3493997555480736,0.0,5,26.765054871319837
423.8,1.0,0.0,2,27.316158206293835
423.90000000000003,0.4556299844067963,0.0,1,27.25554362214605
424.0,0.0,0.15638850709038365,4,26.960128904426714
424.1,0.842343074076304,0.0,1,27.518796476340345
424.20000000000005,0.24885308565468622,0.0,5,27.23124371888007
424.3,0.7635775774976564,0.0,3,27.267335304934328
424.40000000000003,0.49347650203321786,0.0,5,27.390704122972558
424.5,0.0,0.0,1,27.49914878059383
424.6,0.5476844691615004,0.0766910029708432,1,27.581580878830106
424.70000000000005,1.0,0.0,3,27.428448863010733
424.8,0.6777278429604179,0.2659588730410152,3,27.746969223578546
424.90000000000003,0.4568066219893051,0.0,2,27.470900237115824
425.0,0.9092296283568533,0.0,5,27.373437880160203
425.1,0.5626362816695101,0.3354401019932193,4,27.039006957572795
425.20000000000005,0.5614573022326107,0.0,3,27.808165124764937
425.3,0.04026634522927597,0.0,1,27.51151745673985
425.40000000000003,0.5697265207091593,0.04381431250753373,4,27.57829665150575
425.5,0.889633668511895,0.0,4,27.87193375073995
425.6,0.14029853083232946,0.0,2,27.417475792110423
425.70000000000005,1.0,0.0,5,27.185506589861532
425.8,0.43656946772916916,0.5536747211251887,1,27.53437253899354
425.90000000000003,0.11740547464551548,0.0,2,27.605331752414667
426.0,0.8708256218502554,0.0,1,27.650160209072087
426.1,0.3563127215175396,0.29874195180110685,4,28.078906570106714
426.20000000000005,0.7740921114169452,0.12221418102211418,3,26.902711226475514
426.3,0.35283656298474375,0.0,2,28.015314947253096
426.40000000000003,0.44486153978241566,0.0,1,28.018929399514022
426.5,0.6654661850669492,0.13469455923164617,1,28.034708584743008
426.6,0.5836491603403005,0.0,1,27.03594334744865
426.70000000000005,0.0,0.0,3,28.405111224414092
426.8,0.017283704741034134,0.3574479929209337,2,27.57842035027845
426.90000000000003,0.8367878302350881,0.0,2,27.82902486494311
427.0,0.41140997620338843,0.2991143472964853,4,27.841174169057954
427.1,0.2540110090428569,0.255686991593143,3,27.935330161021085
427.20000000000005,0.0,0.0,4,27.98843036230471
427.3,0.030081279427154994,0.20663797287262958,1,27.9871132431269
427.40000000000003,0.0,0.0,2,27.947625504582227
427.5,0.41992840663987924,0.0,3,27.799702337483573
427.6,0.22029534079937022,0.0,1,27.890949375708395
427.70000000000005,0.07226305686808099,0.0795275003552558,1,27.41526029104539
427.8,0.43087484783320207,0.0,4,27.52948424849309
427.90000000000003,0.6029366423833941,0.0,5,28.039153304006422
428.0,1.0,0.2287132089857226,1,28.19565471424151
428.1,0.0,0.02129879605801837,2,28.137873009120398
428.20000000000005,0.9187623598803694,0.0,5,27.798778044930824
428.3,0.84346744022928,0.1404060647334653,1,28.387703988103627
428.40000000000003,0.14180477642900308,0.03953511339084903,3,27.748747040716992
428.5,0.5339494966036444,0.0,5,28.43196406487172
428.6,0.26881324700387843,0.08567058275428974,5,27.999419214152663
428.70000000000005,0.5253516034105281,0.07836574154322033,3,28.5866893185703
428.8,1.0,0.004024225916171998,1,27.87350806075762
428.90000000000003,0.691732503560242,0.17834011621391505,2,28.8746243723822
429.0,0.6521375809063108,0.0,4,28.263498936591624
429.1,0.27577292995996516,0.06729995776418017,5,28.23319640212337
429.20000000000005,0.0,0.0,3,28.38834932463525
429.3,0.3629088548227922,0.08141807667976636,4,28.100706797007643
429.40000000000003,0.9281364621548394,0.3906119391079793,4,28.202706029537342
429.5,0.0,0.0,3,27.986122353869792
429.6,0.021846232581493374,0.0,4,27.981573552498393
429.70000000000005,0.4935807992632575,0.0,3,28.36487687911298
429.8,0.04840174345395637,0.02599964516031906,3,27.926989513183607
429.90000000000003,0.12444246211596688,0.0,2,27.966631156553973
430.0,0.2711988260331972,0.08424947573819604,4,27.758287197108483
430.1,0.0,0.16936798909383305,3,27.945560178753446
430.20000000000005,0.0493570713667873,0.10686944269075689,2,28.44433668264692
430.3,0.7195581164645034,0.0,4,27.828260378231814
430.40000000000003,0.0,0.19903353303172122,3,27.779382491760526
430.5,0.0,0.18747348285073598,5,27.977833907971394
430.6,0.18370987427826718,0.1660322744692609,1,27.785434113882914
430.70000000000005,0.727676215725829,0.074568449731165,3,28.588343434576284
430.8,0.35529770057772225,0.044037862841026565,2,27.887202680339495
430.90000000000003,0.24740466531970098,0.20647787962527936,5,27.964246613570552
431.0,0.45014955541385293,0.3847026975206909,1,28.122054519948954
431.1,0.0,0.0,3,28.099763789696333
431.20000000000005,0.6286209920613981,0.21562507915895437,4,27.845895922092105
431.3,0.5832765040841763,0.0,2,27.78888291081958
431.40000000000003,0.2653411432463716,0.0,5,28.442049813235307
431.5,0.8305946627076081,0.0,4,27.843757541640194
431.6,0.0,0.0,2,27.724603822766653
431.70000000000005,0.8777039701681997,0.0,1,27.880855485648915
431.8,0.487493035616159,0.0,2,27.604753706353833
431.90000000000003,0.29022802715636586,0.0,2,28.39110410942017
432.0,0.41605140329420215,0.0,4,27.451037073366255
432.1,0.38024504944817644,0.0,5,28.15710890729442
432.20000000000005,0.9104125200674074,0.019350983687760063,1,28.31677829808584
432.3,0.0,0.0,3,29.033045794171308
432.40000000000003,0.11558341311970077,0.0,3,27.804675492822515
432.5,0.8342556139905928,0.07238285414610532,1,28.26502929557831
432.6,0.1806621525340481,0.0,2,28.501248606297022
432.70000000000005,0.7782293514822716,0.21490595804598622,2,28.4975681327786
432.8,1.0,0.04505394440300934,3,28.448437293754047
432.90000000000003,0.25557308491200503,0.12135243004128148,3,28.553805048237553
433.0,0.6879710144158584,0.282138464084179,4,28.13462808053919
433.1,0.0,0.0,1,28.602311563337487
433.20000000000005,0.7155843975623635,0.0,4,27.829091616120078
433.3,0.49259068612239343,0.17434051711976273,3,28.486119677869507
433.40000000000003,0.6011647667004022,0.1019027127859372,4,28.30253303354226
433.5,0.15284733933352235,0.0,2,28.79059917317275
433.6,0.0,0.2782915933911884,4,28.90223161596431
433.70000000000005,0.6106254932575546,0.0,4,28.29985390426215
433.8,0.0,0.006554727511156286,2,28.79699681738928
433.90000000000003,0.2806264204848663,0.004244530166851681,2,28.30376404749007
434.0,0.7831578918033599,0.0,5,28.133324479982623
434.1,0.4825611406980388,0.015517077897278193,4,28.95669721851561
434.20000000000005,1.0,0.2793520354796983,5,28.532128516304244
434.3,0.8140746435243935,0.08899366307523517,4,28.38465681060741
434.40000000000003,0.14158366927511318,0.006212685279786314,3,28.582806402388236
434.5,0.4131788060880188,0.0,1,28.551920350537326
434.6,0.38241399365848744,0.06617340568127025,2,28.460529627065373
434.70000000000005,0.0,0.149953325697837,5,28.01607529662594
434.8,0.02341553636560617,0.1218477661779506,2,28.2781272843801
434.90000000000003,0.17437475507035421,0.0,1,28.5756075502766
435.0,0.0,0.06495631882202291,4,28.312954549457494
435.1,0.4158797544113563,0.09598794822965573,4,28.59906721860124
435.20000000000005,0.2963528707819327,0.0,2,28.465859787809578
435.3,0.0,0.03364610823673888,2,28.05896001253497
435.40000000000003,0.5558604896506307,0.0,3,27.958946429525156
435.5,0.6796189420052382,0.09650674196423702,1,28.43945550758366
435.6,0.48317656318511426,0.13206861091253633,4,28.30021770326673
435.70000000000005,0.26182685961531227,0.1495092251572919,2,28.526180278324222
435.8,0.6271207826433863,0.0,4,28.23441322586907
435.90000000000003,0.6617202962018978,0.061809367004806964,4,28.27148131310524
436.0,0.511680251439586,0.28479076910823337,3,28.70529770124478
436.1,0.05795904004351865,0.28275392965825175,2,28.330120495436088
436.20000000000005,0.497527811872364,0.0,3,28.10199783743685
436.3,0.864161783899046,0.027863926145911967,2,28.40694096381185
436.40000000000003,0.14639837414754459,0.22218222894688663,2,28.743572223491018
436.5,1.0,0.0,4,28.467579749470055
436.6,0.1729539551306808,0.0,3,28.555520957069575
436.70000000000005,0.39524499854477685,0.2671140911073514,4,28.072097465031426
436.8,0.11236229016181332,0.19504010833695323,1,28.553560588896953
436.90000000000003,0.4697376728624711,0.07385275552998093,1,29.02469117595949
437.0,0.0,0.0,5,28.07469920239229
437.1,0.16015367739202258,0.0,3,27.954706870756485
437.20000000000005,0.0,0.0,3,28.344840881720568
437.3,0.4308407373816972,0.0662077805634427,3,28.55398120768337
437.40000000000003,0.7735495869832337,0.0,2,28.349977550216035
437.5,0.633236847098336,0.0,4,28.086469090486208
437.6,0.0,0.0,1,28.352646201570483
437.70000000000005,1.0,0.2443609369953403,3,28.554895664830486
437.8,0.4901285739076589,0.0,3,28.27974851935136
437.90000000000003,0.06047470211723788,0.031429156740506906,5,28.559574639738507
438.0,0.43298180226900307,0.0,3,28.748119404499384
438.1,0.4396613595098464,0.0,1,28.570813340270366
438.20000000000005,0.10149926282305716,0.0,3,28.48205550492799
438.3,0.44645726268091934,0.0,1,28.84098190713686
438.40000000000003,0.12335205767447849,0.0,2,28.334355151758327
438.5,0.20364508726170297,0.073321249402761,1,28.31719833118885
438.6,0.08992568009173807,0.0,3,28.514178769266227
438.70000000000005,0.0,0.3492981263189243,1,28.312711233469397
438.8,0.4208624531615202,0.20543020717863017,3,28.170926009286454
438.90000000000003,0.5956907279453109,0.16167190993314162,5,28.921727609232537
439.0,0.5665660337494031,0.0,4,29.044782686298156
439.1,0.687622895903125,0.30285614714409675,1,28.352288911272876
439.20000000000005,0.48842763977445613,0.0,2,28.533762342343934
439.3,0.1446386826354808,0.0,3,28.445414986422243
439.40000000000003,0.6926303229333997,0.03399490794985388,4,28.851531173604847
439.5,0.0,0.1403646081086688,1,28.846835413303072
439.6,0.0,0.12738161580059704,4,27.862228571254068
439.70000000000005,0.0,0.0,3,28.521009901727243
439.8,0.7849165498347553,0.0,3,28.038750403593383
439.90000000000003,0.7290383304586898,0.1279805914304169,5,28.937256349368862
440.0,0.545872410553055,0.14304731677824653,4,28.51333970647632
440.1,0.7787482489513784,0.0,4,28.168993066477015
440.20000000000005,0.0,0.0,2,28.326375507588594
440.3,0.48746212926167276,0.0,3,28.338203588270737
440.40000000000003,0.29697610909191624,0.12470515976517174,3,28.550023343593935
440.5,0.6848191329439905,0.3610833692839561,2,28.658813822846724
440.6,0.29899562504928423,0.0,3,28.011213710639332
440.70000000000005,0.1901258090454568,0.0,2,28.915499410123434
440.8,0.5594826417618133,0.0,1,28.977612598373494
440.90000000000003,0.6926017986653578,0.2711610678863003,2,28.217945358083945
441.0,0.07380958276552113,0.0,4,28.48999925785136
441.1,0.3157295564884797,0.0,5,28.980950889824218
441.20000000000005,0.0,0.11173905658436384,3,28.78304879482787
441.3,0.0,0.0,3,28.294927730346515
441.40000000000003,0.41737202256997075,0.0,1,28.73435008281203
441.5,0.5797570580385296,0.0,5,29.40281210173694
441.6,0.4400270399243499,0.34680839088452386,3,28.441378884611485
441.70000000000005,0.0,0.07684184432989245,4,28.17720393870185
441.8,0.1928673273463407,0.021552011090508593,4,28.407231540441607
441.90000000000003,0.0,0.0,2,28.412318473261347
442.0,0.8790889942193938,0.058429768423759736,3,28.222524482873308
442.1,0.0,0.056047189200498816,5,28.47650837995738
442.20000000000005,0.8313661473927139,0.05843376564146522,1,28.152781410724643
442.3,0.7065486600752013,0.0229690180555506,3,28.367226148759002
442.40000000000003,0.0,0.17375966766110987,5,28.719030423295493
442.5,0.0,0.004620869200146207,2,27.94623771043188
442.6,0.4653293254064536,0.0,4,28.757376380676835
442.70000000000005,0.0,0.0,5,27.865520195294664
442.8,0.36415554288267804,0.0,4,27.956703803825942
442.90000000000003,0.12901893229004702,0.4053634232084785,2,28.19118998659148
443.0,0.0,0.17255091839053738,2,28.352290734970158
443.1,0.0,0.0,1,28.646765759641674
443.20000000000005,0.40978080040747145,0.0,4,28.276767874654325
443.3,0.09346715500569552,0.0,4,28.17470934402928
443.40000000000003,0.09583620694001502,0.3085094422748234,3,28.31120835707154
443.5,0.5943982812227921,0.0,2,27.938427636674167
443.6,0.784409003907306,0.022895211763755856,1,28.426101071966528
443.70000000000005,0.2049922922507006,0.0,4,28.020921233644973
443.8,0.17674752953227135,0.16536772614182288,4,28.34500955778807
443.90000000000003,0.5120198050949303,0.0,5,28.291479135891013
444.0,0.0,0.0,4,28.072027240871993
444.1,0.3991712334075927,0.0,4,28.372329498213027
444.20000000000005,0.5296362485536723,0.0,4,28.388578070858483
444.3,0.5799445559811309,0.01591590931131213,3,28.72275949144757
444.40000000000003,0.0,0.2868354073040653,2,27.77565103462458
444.5,0.0012479001630739672,0.0,5,28.21755875500771
444.6,0.0,0.0,3,27.99528097532441
444.70000000000005,0.3436774326892996,0.0,2,28.513118732353863
444.8,0.4949849798484175,0.0,1,28.593331755830704
444.90000000000003,0.9003345971870367,0.14802513282104882,2,28.57305815104937
445.0,0.10262632172750141,0.0,3,28.20143486149877
445.1,0.10054439176747618,0.08316054514408905,2,28.64668988480839
445.20000000000005,0.7584018775659267,0.0,2,28.00594602456015
445.3,0.4161223302179349,0.04598486908358751,3,27.94876700570176
445.40000000000003,0.8035094541065639,0.155559526175543,1,28.231724167127656
445.5,0.410896159865868,0.0,4,28.61436860738222
445.6,0.0,0.15627162396130295,3,28.757390215419296
445.70000000000005,0.0,0.010474553745513697,3,27.641144884315803
445.8,0.0,0.20909204809645054,1,28.84371081329571
445.90000000000003,0.5560383543195706,0.0,2,28.543096593885064
446.0,0.7656065924342432,0.07624893103241977,2,28.09276322337062
446.1,1.0,0.0,4,28.642640877041718
446.20000000000005,0.625307003885724,0.0,4,28.96433664878602
446.3,0.7521470753561197,0.05178608564513797,2,28.88194109909812
446.40000000000003,0.053950736620153206,0.10736149384498075,3,28.983264533972974
446.5,0.0,0.0,2,28.22615341562709
446.6,0.6238768260636329,0.28672672176357555,5,28.432029886642724
446.70000000000005,0.4498596005165574,0.0,5,28.285419855147296
446.8,0.3247061247325191,0.0,3,29.08955986998197
446.90000000000003,0.43561691571159766,0.0,3,28.787397715864902
447.0,0.40888134223100503,0.08247119381718963,4,29.4320156667311
447.1,0.7920716005502431,0.3152345055482757,4,28.367933663417944
447.20000000000005,0.7954756837176418,0.0,3,28.344185216869462
447.3,0.4941050739836108,0.0,5,28.527688788114222
447.40000000000003,0.6136724596618912,0.0,3,29.02117873033382
447.5,0.4799096077910029,0.006324394782049554,3,28.520926981361498
447.6,0.08874887305363693,0.05433671690000613,4,28.63841114766717
447.70000000000005,0.5747737220124324,0.3181591484342505,3,28.55767389610977
447.8,0.0,0.024126952178690826,4,28.515110519990948
447.90000000000003,0.6915633838317865,0.20880502588847594,2,28.312816763172208
448.0,0.0,0.1167674163078118,2,28.411088127138317
448.1,0.3821826683951358,0.0,1,28.482890029811042
448.20000000000005,0.0,0.0,3,28.51727848752838
448.3,0.48706725189487926,0.05500045965836216,3,28.81021253277833
448.40000000000003,0.25106512436769546,0.0,5,29.05137499844759
448.5,0.0,0.2590414145339288,3,28.16735281472109
448.6,0.43075900798224254,0.0,4,28.31337219335749
448.70000000000005,0.030231238228241142,0.2390354823022833,2,28.090574887417993
448.8,0.612777585075301,0.0,4,28.417929094378078
448.90000000000003,0.25976747875710343,0.053770157280198384,3,28.188300498157727
449.0,0.41632286698347654,0.04186977146693776,3,28.427648427575313
449.1,0.0,0.0,2,28.669644463827783
449.20000000000005,0.020253025869565344,0.0,3,27.56547491331523
449.3,0.0714446487216211,0.07849120369410405,3,28.433831579262208
449.40000000000003,0.5964942603805483,0.0,3,28.184194097583983
449.5,0.9236762532744591,0.0,5,28.492527095872145
449.6,0.0,0.24856537866536554,4,27.985453054774325
449.70000000000005,0.6812859474042439,0.1454335977784201,5,28.584098937350955
449.8,0.0,0.01317832172044799,3,28.47781657331936
449.90000000000003,0.0,0.33302847650875633,5,28.246358808858027
450.0,0.0,0.0,4,28.29700480431233
450.1,0.0,0.2645406439977959,2,27.730374796821366
450.20000000000005,0.0,0.03511481698516437,2,27.739798375083325
450.3,0.4091861558714782,0.0,2,28.189337845756018
450.40000000000003,0.15726272081386675,0.36960803835417,1,27.635340404712178
450.5,0.3935541962768325,0.19814216932481704,1,28.32168483163156
450.6,0.5168823818453436,0.0,1,27.91216050656463
450.70000000000005,0.34584041205479293,0.1454342519067898,4,28.117647717129522
450.8,0.5015982342608314,0.0,2,28.647047993205565
450.90000000000003,0.20957844434713846,0.16582980701190841,2,27.761327346111038
451.0,0.0,0.0,4,27.9771295527364
451.1,0.6583109769739541,0.0,4,28.299969968412164
451.20000000000005,0.0,0.19585194885739257,5,28.187108368864465
451.3,0.0,0.0,3,27.786772425445026
451.40000000000003,0.16070202852326287,0.04150845897774838,3,27.713957991001077
451.5,0.0,0.0,2,27.782467171596178
451.6,0.0626816307642826,0.36957339914042064,2,28.1553822241815
451.70000000000005,0.36616627440439864,0.23810592874353534,2,27.590352953048747
451.8,0.366771409517902,0.0,2,27.730084033060766
451.90000000000003,0.0,0.0,5,27.5622366711462
452.0,0.030129855948778816,0.20592087228393863,1,27.82497416047691
452.1,0.6538324991955943,0.39649409003378555,1,27.685891181600603
452.20000000000005,0.42154574014340207,0.19075205116227076,1,27.370734593007356
452.3,1.0,0.4343605334793204,4,27.286661824174043
452.40000000000003,0.6928070827016539,0.0,2,27.05387749598021
452.5,0.6773567739414222,0.0,3,27.447958339744215
452.6,0.0,0.0,1,27.91917277640699
452.70000000000005,0.522948522590524,0.0883521299298959,2,28.102046563805025
452.8,0.19504277230634973,0.03512070996087396,1,27.934515747249314
452.90000000000003,0.0,0.0,3,27.878834932617764
453.0,0.2812512603480085,0.16185172562465977,1,27.679153653161368
453.1,0.591008267042986,0.24646572104293285,4,27.89044206222926
453.20000000000005,0.41213396696914406,0.0,3,27.764166078632947
453.3,0.0,0.0,4,28.203274106966738
453.40000000000003,0.5065377136202001,0.164028718824612,2,27.628944041624713
453.5,0.0,0.0,2,28.045060244782377
453.6,0.2939768605226587,0.0,1,27.96648531071583
453.70000000000005,0.08483707225035492,0.20370748553007895,3,27.848148772008038
453.8,0.11750326014310161,0.0,3,27.01822982400156
453.90000000000003,0.5104187922509281,0.0,3,27.929528232294835
454.0,0.0,0.06572880516096172,4,27.574298645087804
454.1,0.9797408721977277,0.0,4,27.528423485112747
454.20000000000005,0.0,0.15663113120263497,4,27.14819364121989
454.3,0.0,0.0,1,27.575148696006465
454.40000000000003,0.34635342027270344,0.28172389868918385,3,27.507545719318585
454.5,0.43086134595373915,0.0,1,27.205345645698966
454.6,0.15581161769208543,0.1342540273410707,3,27.107114289648987
454.70000000000005,0.17191106725394087,0.14920479059656327,2,27.652079737509343
454.8,0.35795204565026184,0.0,1,27.846918827335497
454.90000000000003,0.10016810867301154,0.0,4,27.6329363347401
455.0,0.7487315205835736,0.07215115093276697,3,27.947382930843244
455.1,0.5260610150199644,0.014457669424973903,2,27.625285894788814
455.20000000000005,0.5383127003620661,0.11116520551502547,1,27.725079762015017
455.3,0.0,0.0,3,27.449858934118677
455.40000000000003,0.1551485058244095,0.0,5,27.248770961750104
455.5,0.06557683020913344,0.4016946021963399,3,28.128784279794193
455.6,0.0,0.0,5,27.895556977114207
455.70000000000005,0.327545326905029,0.14679009567284773,1,27.1606295769591
455.8,0.0,0.0,3,27.608883485251848
455.90000000000003,0.4433546932255865,0.0,4,27.54549465141167
456.0,0.0,0.0,3,27.477088751135163
456.1,0.8665200152942745,0.0,1,27.651450171681898
456.20000000000005,0.0,0.1142448420472479,3,27.833998043510434
456.3,0.2643324514532678,0.27812871918999144,3,27.879464555329616
456.40000000000003,0.49220805197438505,0.0940027322493323,4,27.739917917355832
456.5,0.0,0.020676399242419027,4,27.55987942280074
456.6,0.5141553067047945,0.0,4,27.566897729419164
456.70000000000005,0.0,0.10336505316489018,3,27.844387573800265
456.8,0.7517156798352005,0.43126992634585976,2,27.64264113364341
456.90000000000003,0.1753776540525645,0.0,2,27.53266061173665
457.0,0.0,0.0,4,27.48393731260604
457.1,0.04774190289408245,0.0,5,27.58470796528972
457.20000000000005,0.4898296447301951,0.0,1,27.45513224804082
457.3,0.0,0.0,3,27.82585275743501
457.40000000000003,0.0,0.08100707717114257,2,27.213404564599532
457.5,0.07418530143468437,0.0,2,27.406440762278415
457.6,0.0,0.0,3,27.69704113494586
457.70000000000005,0.888706242283877,0.1506379899465098,3,27.1864784864866
457.8,0.0,0.0,1,27.038276510052206
457.90000000000003,0.49082156440284236,0.0,4,27.545678534113453
458.0,0.2408050174383066,0.29328847823771603,4,26.91994388549114
458.1,0.0,0.0,5,27.023190270279063
458.20000000000005,0.15231748882193186,0.0,1,27.664396351532226
458.3,0.4671407479810771,0.053861237912467635,3,27.38349242729593
458.40000000000003,0.07707475181366821,0.2298974728020737,2,27.748149451903714
458.5,0.6284635042630758,0.0,2,27.06888179134734
458.6,0.5586629182367808,0.08153794736743541,3,27.408568308037047
458.70000000000005,0.5164605379618933,0.11619990799233842,4,27.536267573507118
458.8,0.0,0.0,1,27.049202345856987
458.90000000000003,0.0,0.15970026758144407,5,27.640635343230258
459.0,0.0,0.17532117596843588,4,27.409934271030018
459.1,0.22273640300370662,0.0,4,26.772944413856468
459.20000000000005,0.36138961576751016,0.25046927245960166,4,27.16916288782317
459.3,0.0,0.22729111486496906,2,27.204748128463702
459.40000000000003,0.1374977447090492,0.02062358514344097,4,26.898581441430867
459.5,0.20281191619227176,0.0,2,26.643041349332716
459.6,0.027391165941306875,0.0,4,27.15671214912818
459.70000000000005,0.6537504928431193,0.0,1,27.895244450869196
459.8,0.3047845267427113,0.11395178394083581,2,27.102610081937726
459.90000000000003,0.6589802557905093,0.0,3,27.732248719872036
460.0,0.04734974032005465,0.0,2,27.026248338336835
460.1,0.5075548664293001,0.2537427789153141,2,27.28384814809812
460.20000000000005,0.7854198179486187,0.03804464436897875,3,27.491969238276297
460.3,0.6548995049848906,0.0,4,27.285794788021185
460.40000000000003,0.0,0.17143167768465767,3,27.12596838383525
460.5,0.026407866556944284,0.30492771929655116,2,27.31920480887478
460.6,0.0,0.0,2,27.65313409357819
460.70000000000005,0.32123423785246535,0.08685272998441432,2,27.174103077846528
460.8,0.398900153411094,0.0,3,26.948917904738998
460.90000000000003,0.0,0.09982210135978825,4,26.997864723339156
461.0,0.1491452645312284,0.02558544047491585,1,27.82633089225263
461.1,0.0,0.12714530528811,2,27.05287573701826
461.20000000000005,0.6964370366892403,0.0,2,26.91137147187024
461.3,0.0,0.0,2,26.730519705556034
461.40000000000003,0.13965187116831795,0.0,2,26.529252590635473
461.5,0.0,0.08136952702795662,4,27.143334168383948
461.6,0.5733627091996989,0.20307846573504468,2,27.22381553211713
461.70000000000005,0.0,0.0,3,26.8928304730169
461.8,0.1059510870033682,0.2054120853746035,3,26.932729738977613
461.90000000000003,0.0690888153763236,0.0,2,26.579814431135357
462.0,0.0,0.0724899763189053,4,26.93119559843258
462.1,0.7995477932350272,0.0,3,27.0914095208678
462.20000000000005,0.0,0.036434125542420336,2,26.75877597703425
462.3,0.41541475756793694,0.17837552691405492,4,27.379237664717692
462.40000000000003,0.24801631546372882,0.0,2,26.63863379756331
462.5,0.6089413922424665,0.0,4,26.99997950029375
462.6,0.0,0.03699251746841733,3,27.141646684609665
462.70000000000005,0.0,0.48031673220607046,3,26.688436821026603
462.8,0.5392146428648185,0.0,4,26.6758067036923
462.90000000000003,0.2697320534871631,0.4080267771993838,4,26.170417920231827
463.0,0.0,0.4008846607350342,3,26.857558427159947
463.1,0.0,0.0,4,26.384462762875206
463.20000000000005,0.2506047709925358,0.0,2,26.615145904374288
463.3,0.4299726831086824,0.0,3,26.679042921422425
463.40000000000003,0.0,0.0,1,26.273781631988165
463.5,0.0,0.0,1,26.38807389332517
463.6,0.30059986605095873,0.0,4,26.852795327811833
463.70000000000005,0.0,0.29937605477017126,1,26.002571685539195
463.8,0.0,0.0,1,26.961307984788196
463.90000000000003,0.0,0.0,4,26.084688928832907
464.0,0.41215597429137085,0.0,1,26.049438586239614
464.1,0.13682299248132643,0.0748124176262087,2,26.421419932166494
464.20000000000005,0.0,0.05289633699027479,3,27.011751688261405
464.3,0.6386095019586061,0.012740471953154182,3,25.813664526352834
464.40000000000003,0.3367410018348447,0.0,4,26.35224520264375
464.5,0.7271421903220909,0.0,3,26.587201943068067
464.6,0.0,0.1003800467401344,3,26.406038963168797
464.70000000000005,0.0644230501585111,0.0,4,26.499951434974523
464.8,0.0,0.06299437431106644,3,26.134114873662913
464.90000000000003,0.0,0.04299656349090959,3,26.14046437762014
465.0,0.0,0.22468545741915236,4,26.18618005246143
465.1,0.32412729006744345,0.13539881947501084,2,25.87514605281334
465.20000000000005,0.09051627474971104,0.03857236863003813,2,26.1852581057232
465.3,0.3204621755728606,0.30368440613043596,1,26.051626322898976
465.40000000000003,0.3512836870872086,0.0840537058113123,3,26.015835087674205
465.5,0.9306871387252231,0.2609925377580838,1,26.39959043581414
465.6,0.0,0.12138852167732757,3,25.702017911461112
465.70000000000005,0.0,0.0,4,26.164790726687492
465.8,0.16357158562092583,0.26096695266386594,3,26.84159305398111
465.90000000000003,0.0,0.027035248268533818,2,25.796958086593293
466.0,0.6555361173047956,0.0,4,26.537585678126227
466.1,0.0,0.05626966949791541,2,26.134985436007728
466.20000000000005,0.0,0.0,4,25.923148069433392
466.3,0.0,0.045405772077789064,3,25.6781706826973
466.40000000000003,0.34534314630490026,0.0,1,26.19385533096399
466.5,0.0,0.254854451746874,5,26.488427999285502
466.6,0.0,0.0,2,25.92116599314897
466.70000000000005,0.720532767495021,0.0,5,26.037605883251643
466.8,0.0,0.0,1,26.35051548924848
466.90000000000003,0.06622788327387301,0.0537551578297283,2,26.12610350171863
467.0,0.31172832651292504,0.03742142002501838,1,25.60836548298026
467.1,0.0,0.07768492273550129,1,26.069309137222447
467.20000000000005,0.2405182859604905,0.0,4,26.494882653932088
467.3,0.0,0.0,3,26.015662737179532
467.40000000000003,0.37513464263667673,0.12511826050131197,4,25.17315013580221
467.5,0.0,0.2969283723753015,2,25.998668888684612
467.6,0.32073585160407214,0.0,2,25.851141284802797
467.70000000000005,0.48476455550032266,0.3178882567123397,3,25.284754907056186
467.8,0.3858088596282108,0.056782211747276184,2,25.34799737932611
467.90000000000003,0.1405636641260376,0.0,3,26.142529142902728
468.0,0.0,0.0,3,25.61602676621312
468.1,0.0,0.0,1,25.549252984076187
468.20000000000005,0.6248582057960571,0.19754570318491993,4,25.77239497685619
468.3,0.0,0.0,4,25.575643937868104
468.40000000000003,0.0,0.0,3,25.784753314625043
468.5,0.2989979161288415,0.19838526197739093,1,25.693376534342942
468.6,0.0,0.0,2,25.3800439292301
468.70000000000005,0.0,0.0,2,25.572548868101137
468.8,0.0,0.0,2,25.84461532719595
468.90000000000003,0.0,0.05865688580097042,2,25.690709063915193
469.0,0.0,0.09694692959378477,4,25.607168777574167
469.1,0.12289564007240236,0.0,3,26.209875135570712
469.20000000000005,0.4049824940142342,0.5060739337283379,3,25.701265918432618
469.3,0.23402011520712254,0.0,2,25.75503734867314
469.40000000000003,0.0,0.0,5,25.43564320307144
469.5,0.0,0.0,1,25.537621126095623
469.6,0.22372624257010484,0.024781363304214217,4,25.335061106906934
469.70000000000005,0.5274919262276453,0.12299224640935494,5,25.670958236112813
469.8,0.067790073046265,0.24071561090669202,4,25.31504984332398
469.90000000000003,0.0,0.0,5,25.40117583868998
470.0,0.0,0.0,3,25.368953424852055
470.1,0.0,0.08934072216182884,2,25.271862045967257
470.20000000000005,0.2789737482646854,0.11741150691890712,2,26.143197087837393
470.3,0.24245752379604932,0.0013097315609078553,2,25.080031992208102
470.40000000000003,0.24101171421139803,0.10848479390642037,1,25.091778817190292
470.5,0.0,0.0,3,25.489071991705156
470.6,0.570440466186239,0.3115810864636714,2,25.0608560528247
470.70000000000005,0.0,0.1985256205958859,4,25.072219714008586
470.8,0.38737440370830456,0.0,2,24.871864095480888
470.90000000000003,0.0,0.0,3,25.331709616211334
471.0,0.0,0.0,5,25.32198883118172
471.1,0.2386788972449622,0.1355939941793057,2,25.04926384729128
471.20000000000005,0.16432122388814052,0.0,4,25.355734035903495
471.3,0.14205588035089503,0.0,4,24.57983744976289
471.40000000000003,0.03057814862907699,0.09094087928335481,2,24.88550223151981
471.5,0.0,0.0,3,25.033126897599658
471.6,0.9510156112783091,0.05177750314254116,2,24.82855560519055
471.70000000000005,0.4681695129695247,0.0,4,24.673311461142088
471.8,0.2823976757787563,0.11897087467944895,3,25.077456350802276
471.90000000000003,0.03678667089172148,0.0,3,25.367785997318183
472.0,0.39373000940680863,0.0,4,25.55695706068272
472.1,0.19686519781396658,0.047546345581197226,2,25.005020309785852
472.20000000000005,0.0,0.020615644306169634,4,25.36878511335298
472.3,0.0,0.0047960038031185925,4,25.324691758021956
472.40000000000003,0.0,0.0,4,25.48583523962889
472.5,0.0,0.0,4,25.001733566753558
472.6,0.06790912936635835,0.0004367181674071891,2,24.562702218271607
472.70000000000005,0.0,0.0,5,25.10986549697756
472.8,0.618337819199946,0.0,2,24.85368842953618
472.90000000000003,0.0,0.07753597580656929,3,24.90142748078765
473.0,0.0,0.0,1,25.014653259880657
473.1,0.0,0.23131633031884796,5,24.912789681363808
473.20000000000005,0.0,0.2539226525199686,4,24.958946096362936
473.3,0.16463674683338642,0.0,4,25.125156601986337
473.40000000000003,0.0904537959454818,0.2715239266100279,1,24.724260088092795
473.5,0.3560118760148481,0.0,4,24.963866670223187
473.6,0.0,0.08370291183141097,4,24.808532571203873
473.70000000000005,0.0,0.0,3,25.071610907894627
473.8,0.0,0.18460896544535238,2,24.65973741969404
473.90000000000003,0.24867976269395772,0.08121880376973342,3,24.67463645267852
474.0,0.17443208588540413,0.0,1,24.619496066859305
474.1,0.16400751837116695,0.0,3,24.684671280386457
474.20000000000005,0.0,0.0,2,24.485248984743663
474.3,0.12919887534283034,0.037588355286551293,2,24.447176651563897
474.40000000000003,0.603827684750304,0.11449428235594716,1,25.054513551898587
474.5,0.0,0.13019313575588828,2,24.440281805673767
474.6,0.015155219395456693,0.0,1,24.66046417472221
474.70000000000005,0.0,0.0,5,25.04772788991361
474.8,0.0,0.0,3,24.624254074465853
474.90000000000003,0.0,0.23046972779238517,2,24.88881625008211
475.0,0.3964827464036773,0.0,3,24.48517100634237
475.1,0.0,0.02868352613629523,3,24.3245987180192
475.20000000000005,0.0,0.0,5,24.148548000198907
475.3,0.0,0.06731660909180699,1,24.98543567746037
475.40000000000003,0.0,0.0,2,24.237655817957442
475.5,0.06691723130080807,0.20934254275515274,5,24.723773469695633
475.6,0.0,0.1547115412413627,2,24.13525793738419
475.70000000000005,0.4589136047126218,0.0,1,24.940096452912723
475.8,0.0,0.0,1,25.194063802714176
475.90000000000003,0.23290914864431447,0.0,1,24.075340237543436
476.0,0.0,0.0,5,24.242981866043724
476.1,0.20929468074540938,0.0,2,24.815377369701714
476.20000000000005,0.20934225574086807,0.03964346554416403,5,24.72240841718412
476.3,0.09305126324784599,0.06505189964591639,5,24.771973830000714
476.40000000000003,0.0,0.029709580718527778,3,24.344021388651242
476.5,0.03680248627503886,0.0,1,25.109400079424493
476.6,0.0,0.18661332114419707,1,24.47353115822291
476.70000000000005,0.0,0.012708380912187478,3,24.056050692236298
476.8,0.34516951723629485,0.14065076561918946,2,24.331610898575537
476.90000000000003,0.2508925962260121,0.0,3,24.056078063551933
477.0,0.0,0.0,2,24.881711668031176
477.1,0.0,0.056757605567616026,5,24.174705054861754
477.20000000000005,0.18687120188746933,0.0,3,24.524487535912396
477.3,0.0,0.0,3,24.222863734739473
477.40000000000003,0.0,0.0,4,24.166785854449408
477.5,0.2381149082565559,0.3174801204831074,1,23.723345925025534
477.6,0.0,0.07999931058872128,2,24.436614712655416
477.70000000000005,0.40366287486422486,0.033171805359734546,1,24.730950127337245
477.8,0.0,0.16739823092673475,1,23.99796619887024
477.90000000000003,0.0,0.07369951736780776,3,23.772052343245612
478.0,0.0307473473438767,0.0,2,24.468185076526566
478.1,0.03455039153668722,0.21429518605091197,2,23.65397110520236
478.20000000000005,0.0,0.0,5,24.501263532666865
478.3,0.0,0.06464943750671245,1,23.830108258025724
478.40000000000003,1.0,0.0,3,23.8469357804512
478.5,0.0,0.04078877150319901,1,24.226395203355214
478.6,0.20436911527222948,0.03859792835458589,2,23.84235393777639
478.70000000000005,0.0,0.33529099238293253,3,23.817452743343587
478.8,0.0,0.0,5,24.123462332725673
478.90000000000003,0.0,0.0,2,23.27622836323431
479.0,0.0,0.16453648531482878,1,24.43054926137866
479.1,0.0,0.06706345127946155,2,23.916336629855827
479.20000000000005,0.0,0.03606101026750061,1,23.4911453274646
479.3,0.009392597964750976,0.0,2,23.562949422660584
479.40000000000003,0.0,0.0,3,24.15346361791923
479.5,0.0,0.24900820164465132,1,23.941141895550164
479.6,0.09460764623929065,0.0,3,24.17322547457255
479.70000000000005,0.0,0.07507193922889466,3,23.51530382260509
479.8,0.0,0.0,2,23.797098746455013
479.90000000000003,0.19225796297810926,0.0,1,23.875371822984945
480.0,0.09821204012035496,0.18676208521499935,5,23.886934946314103
480.1,0.0,0.10064647690649926,2,23.97102936536864
480.20000000000005,0.0,0.46112736747343785,4,23.252041824993054
480.3,0.0,0.0,2,23.421221426576935
480.40000000000003,0.0,0.16451458424009613,3,23.20585265908653
480.5,0.0,0.0,2,23.361443822777407
480.6,0.0,0.03146931353461554,2,23.56460889334074
480.70000000000005,0.14807520899122611,0.19530131781263294,1,22.82161821778985
480.8,0.45688686490044167,0.0,2,23.69995920297287
480.90000000000003,0.0,0.0,4,23.013744591535737
481.0,0.18620472497409998,0.0,3,23.268202771337652
481.1,0.0,0.0,1,23.721954654100948
481.20000000000005,0.1450364060033968,0.07704253045187087,3,23.422756083473892
481.3,0.0,0.22413714128451911,4,23.339893895848
481.40000000000003,0.0018425824543456815,0.0,4,22.87244980292443
481.5,0.0,0.04109728551200395,1,22.88820390443581
481.6,0.40472030342594006,0.022861750611849554,4,23.49168350563344
481.70000000000005,0.0,0.00036070127128283534,2,23.020951621769395
481.8,0.12524955740056282,0.0,3,23.048874245923272
481.90000000000003,0.0,0.22168892034457857,3,23.401157048281263
482.0,0.0,0.059039073631767205,4,22.765922435805013
482.1,0.0,0.07897629800051553,5,23.12397674723962
482.20000000000005,0.0,0.0,5,23.04475063237465
482.3,0.0,0.0,1,23.019756078381956
482.40000000000003,0.0,0.0,5,22.853725586248935
482.5,0.0,0.0,1,22.824005302720046
482.6,0.0,0.0,2,22.663169274696138
482.70000000000005,0.18286583162577033,0.0,3,23.136460507925374
482.8,0.23190311949328668,0.10450415328847805,3,22.76571798403849
482.90000000000003,0.0,0.0,3,23.24553397571422
483.0,0.2076736505720998,0.0,3,22.894762827974166
483.1,0.0,0.0,5,22.6333459934363
483.20000000000005,0.09297422021494808,0.0,2,22.880696355484304
483.3,0.1045618368293392,0.0,2,22.831486620465665
483.40000000000003,0.0,0.4331042904413114,5,23.1018657413216
483.5,0.0,0.21092412569746366,1,22.607037540859118
483.6,0.0,0.2049548224563456,3,22.555546169622524
483.70000000000005,0.0,0.2337160728546763,3,22.973034656414065
483.8,0.39118823834990724,0.0,3,22.725975488818378
483.90000000000003,0.0,0.0,3,23.061436426466503
484.0,0.0,0.0,1,22.92947791958184
484.1,0.0,0.2669012266675676,4,22.185798815292486
484.20000000000005,0.12043870211043098,0.0,1,22.770295916403303
484.3,0.0,0.0,2,22.92012725427579
484.40000000000003,0.31043244317864715,0.0,1,22.99439812644009
484.5,0.05511613473290408,0.0,3,22.825048996301227
484.6,0.0,0.05368265473891243,3,22.790155388587017
484.70000000000005,0.0,0.0501902041424086,5,22.381570206413404
484.8,0.0,0.0,4,22.210380404144487
484.90000000000003,0.029843168723751562,0.13713127850274218,3,22.302108971027625
485.0,0.0,0.0,5,21.89762582161411
485.1,0.8553929966672604,0.0,3,22.865234643635727
485.20000000000005,0.04704569700792044,0.13735481410067102,3,22.32504113251078
485.3,0.0,0.0,3,22.786714438507477
485.40000000000003,0.30495662634702525,0.0,2,22.059822671258384
485.5,0.7686393049863549,0.11833360993862621,4,22.755125896051805
485.6,0.17832516106764396,0.0,1,22.31869437017406
485.70000000000005,0.20840124108566982,0.0,3,22.08960380466408
485.8,0.0,0.11114843560857851,4,22.915224632801944
485.90000000000003,0.0,0.410818488287195,5,22.61161310280443
486.0,0.0,0.12108090095254934,4,22.29200774693397
486.1,0.0,0.09452795259800234,3,22.196601164790717
486.20000000000005,0.0,0.10616031673454594,3,22.272384971882932
486.3,0.0,0.0,2,22.188462872289797
486.40000000000003,0.0,0.0231193477359816,3,21.87423727273033
486.5,0.0,0.0,5,21.977873721860806
486.6,0.0,0.06431690807455123,5,22.65784496526151
486.70000000000005,0.0,0.023301610495174166,4,22.85311863917731
486.8,0.0,0.07593993548342255,1,22.484585151587403
486.90000000000003,0.0,0.0,4,22.148911626940492
487.0,1.0,0.011721783474358545,5,21.943215362771703
487.1,0.356889313177723,0.0,2,21.842302362233973
487.20000000000005,0.0,0.0,3,21.851671187708572
487.3,0.0,0.27816670963532875,4,21.802260955315976
487.40000000000003,0.0,0.06376166792565117,3,22.582041032067927
487.5,0.0,0.0,5,22.46831051499786
487.6,0.0,0.37922465525086935,3,22.013644737457263
487.70000000000005,0.0,0.0,4,21.49144833541316
487.8,0.0,0.0,4,22.03742954885453
487.90000000000003,0.19087669362935217,0.34254228225525457,3,21.59060360277381
488.0,0.20012557106837936,0.009192187209786767,4,21.016552846446732
488.1,0.3510456301267116,0.0,3,21.769779002903544
488.20000000000005,0.0,0.0,2,21.42104437941613
488.3,0.0,0.08953925327900238,1,21.39133460294281
488.40000000000003,0.05106791764726559,0.10889197390549246,2,21.519155555767497
488.5,0.0,0.0,4,21.434833054694426
488.6,0.0,0.0,5,21.56411405712877
488.70000000000005,0.43850812112282567,0.0,2,21.598229994506728
488.8,0.0,0.051195429283754215,2,21.033146865833686
488.90000000000003,0.04683346945475522,0.0,1,22.054512423330777
489.0,0.0,0.25038949090263146,3,21.21000101390349
489.1,0.0,0.18316475631952087,5,21.148373663068536
489.20000000000005,0.0,0.0,3,21.32572623559562
489.3,0.0,0.0,3,21.381999750591298
489.40000000000003,0.0,0.0,3,21.84241109237918
489.5,0.0,0.0,1,21.475770062068076
489.6,0.0,0.0,4,21.555117475159555
489.70000000000005,0.0,0.0,3,21.457782401810906
489.8,0.050711797955395765,0.3225736741414256,3,21.332095793158903
489.90000000000003,0.02274568111699435,0.18932366166608736,4,21.28433984813469
490.0,0.0,0.18693094146732472,4,20.539710145706003
490.1,0.0,0.07398512260087807,4,21.010377731462828
490.20000000000005,0.0,0.0,5,21.424546978132707
490.3,0.0,0.0,5,22.24909184710172
490.40000000000003,0.033460957000283176,0.19409769192267604,3,20.633907358989894
490.5,0.1458393286783645,0.0,1,21.151610814770383
490.6,0.0,0.12731064137465287,3,20.80150584045448
490.70000000000005,0.0,0.46452184505255323,4,21.422891107654873
490.8,0.0,0.21236332919794637,1,20.322435648687435
490.90000000000003,0.0,0.2828058271123975,1,20.81261734412315
491.0,0.0,0.04366775008843214,1,20.17934113124321
491.1,0.2979955331491482,0.19358638975299797,4,20.452217697265873
491.20000000000005,0.09762516629494575,0.0,3,20.53716431066099
491.3,0.0,0.1591727624682453,2,20.806301335334474
491.40000000000003,0.0,0.13087762681215265,1,20.109665345005705
491.5,0.0,0.05798223480753259,4,20.60359623041423
491.6,0.1874268757859585,0.2632014839436997,2,20.338588986874964
491.70000000000005,0.0,0.0,2,20.40597386523723
491.8,0.30060776337910655,0.0,3,20.629544183210633
491.90000000000003,0.27616076397431866,0.019092408271659263,3,19.96663314120315
492.0,0.42345726555612767,0.0,2,20.64220378071218
492.1,0.0,0.04538638876004958,3,20.204347804955816
492.20000000000005,0.0,0.0,2,20.69492494729822
492.3,0.32034932804201977,0.20939090688564185,4,20.40924120145099
492.40000000000003,0.0,0.00932747331319315,2,20.234107297859996
492.5,0.0,0.0,1,20.111169396069226
492.6,0.0,0.0,4,20.526384668920397
492.70000000000005,0.0,0.0,4,20.648908259531787
492.8,0.0,0.1376519421544827,1,20.056117483778912
492.90000000000003,0.0,0.10954779574751213,1,19.830836419060738
493.0,0.18565179627006628,0.0,4,20.38269883610421
493.1,0.0,0.0,4,19.731193406505348
493.20000000000005,0.3586515557521154,0.13137974126392948,2,19.76945055644714
493.3,0.19272281421772897,0.0,3,19.850753759192873
493.40000000000003,0.0,0.011981954815900713,1,20.032256070815478
493.5,0.0,0.024750928504855413,3,19.739073600506558
493.6,0.0,0.06241242634534769,1,19.528875857265795
493.70000000000005,0.2314372133539917,0.17165408603637436,2,19.734894937479233
493.8,0.1314339026656715,0.0,1,20.294721664706422
493.90000000000003,0.0,0.0,3,19.71189553153899
494.0,0.0,0.0,2,19.98266466438311
494.1,0.0,0.3603056815664372,2,20.540047409860414
494.20000000000005,0.0,0.4044348200174757,1,19.797978165256474
494.3,0.0,0.3662354271131775,2,19.78503694737622
494.40000000000003,0.43115507934434394,0.0,4,19.41894495312996
494.5,0.14685197565534863,0.0,2,20.363098107325087
494.6,0.0,0.0,4,19.54337623268217
494.70000000000005,0.0,0.0,2,19.629049074724836
494.8,0.0,0.0,2,20.084320947722237
494.90000000000003,0.0,0.2601250802111918,3,19.53970452993441
495.0,0.0,0.17356109190848915,5,19.542547156449785
495.1,0.2256651140131961,0.04548101579832412,1,19.480555587412194
495.20000000000005,0.0393144957010273,0.0,1,19.484930013792848
495.3,0.11010994646584149,0.0,3,19.680149724468446
495.40000000000003,0.0,0.05082553741428708,5,19.709770723340423
495.5,0.0,0.1394101957679453,5,19.29629461624854
495.6,0.0,0.07837625244911692,3,19.225216516899483
495.70000000000005,0.14207230067902032,0.0,3,19.276853839089643
495.8,0.0,0.1301335257584172,3,18.987762201977
495.90000000000003,0.0,0.08518219342028227,3,18.89457951303127
496.0,0.0,0.0,3,19.452853122088538
496.1,0.0,0.0,4,19.637282721689232
496.20000000000005,0.0,0.1376991949123133,4,19.56312544714224
496.3,0.0,0.0,3,18.579266531848656
496.40000000000003,0.0,0.3178294603272915,3,19.106459832960137
496.5,0.0,0.10022585521291527,3,18.808095226349135
496.6,0.0,0.0,3,19.17402984254033
496.70000000000005,0.15519908408480398,0.0,3,19.011549207520616
496.8,0.0,0.012676678527543634,1,19.302431565157768
496.90000000000003,0.2865101830225682,0.0,1,19.187711897513722
497.0,0.3158622946045673,0.0,3,18.644874943005043
497.1,0.0,0.14027797876189987,4,18.868914896417824
497.20000000000005,0.0,0.16905465940841913,2,19.096593837672053
497.3,0.0,0.12075629391059173,3,19.073860910265953
497.40000000000003,0.0,0.3030636188647604,2,18.516364191061697
497.5,0.0,0.0,1,18.469478113977633
497.6,0.24950712129759467,0.33485415321422607,5,18.841333594492422
497.70000000000005,0.0,0.0,4,18.395800115132538
497.8,0.0,0.0,1,18.308757863271346
497.90000000000003,0.0,0.0,4,18.668256984942566
498.0,0.0,0.0,2,18.64772381477884
498.1,0.047781112674601556,0.0,5,18.52575037708778
498.20000000000005,0.0,0.1051874560509301,2,18.53555549860583
498.3,0.0,0.04877818832409019,2,18.727070564977883
498.40000000000003,0.0,0.0,3,18.499392625384335
498.5,0.34315435273673967,0.0,4,18.75205518116147
498.6,0.0,0.0,1,18.60922082914047
498.70000000000005,0.0,0.0,4,18.76617773234122
498.8,0.0,0.0,1,18.971871624375822
498.90000000000003,0.6415850270173877,0.0,5,18.98693541160486
499.0,0.0,0.28672500396418926,1,19.018561064442245
499.1,0.0,0.03829014319147052,5,18.86337263623672
499.20000000000005,0.0,0.13243375078949993,3,18.631961293487173
499.3,0.0,0.0,2,18.42301546056303
499.40000000000003,0.0,0.23884289660279837,5,18.349759112633578
499.5,0.0,0.2602204126048186,5,18.10873947049861
499.6,0.0,0.0,3,18.366230744594663
499.70000000000005,0.921777928675048,0.0,1,18.812700586736632
499.8,0.0,0.09915311460310207,3,18.345349778623408
499.90000000000003,0.0,0.12887769070763644,3,18.501574285999734
